idClass,nameClass,idTeacher,idSubject
class0,Class0,idTeacher 0,idSubject 0
class1,Class1,idTeacher 1,idSubject 1
class2,Class2,idTeacher 2,idSubject 2
class3,Class3,idTeacher 3,idSubject 3
class4,Class4,idTeacher 4,idSubject 4
class5,Class5,idTeacher 5,idSubject 5
class6,Class6,idTeacher 6,idSubject 6
class7,Class7,idTeacher 7,idSubject 7
class8,Class8,idTeacher 8,idSubject 8
class9,Class9,idTeacher 9,idSubject 9
class10,Class10,idTeacher 10,idSubject 10
class11,Class11,idTeacher 11,idSubject 11
class12,Class12,idTeacher 12,idSubject 12
class13,Class13,idTeacher 13,idSubject 13
class14,Class14,idTeacher 14,idSubject 14
class15,Class15,idTeacher 15,idSubject 15
class16,Class16,idTeacher 16,idSubject 16
class17,Class17,idTeacher 17,idSubject 17
class18,Class18,idTeacher 18,idSubject 18
class19,Class19,idTeacher 19,idSubject 19
class20,Class20,idTeacher 20,idSubject 20
class21,Class21,idTeacher 21,idSubject 21
class22,Class22,idTeacher 22,idSubject 22
class23,Class23,idTeacher 23,idSubject 23
class24,Class24,idTeacher 24,idSubject 24
class25,Class25,idTeacher 25,idSubject 25
class26,Class26,idTeacher 26,idSubject 26
class27,Class27,idTeacher 27,idSubject 27
class28,Class28,idTeacher 28,idSubject 28
class29,Class29,idTeacher 29,idSubject 29
class30,Class30,idTeacher 30,idSubject 30
class31,Class31,idTeacher 31,idSubject 31
class32,Class32,idTeacher 32,idSubject 32
class33,Class33,idTeacher 33,idSubject 33
class34,Class34,idTeacher 34,idSubject 34
class35,Class35,idTeacher 35,idSubject 35
class36,Class36,idTeacher 36,idSubject 36
class37,Class37,idTeacher 37,idSubject 37
class38,Class38,idTeacher 38,idSubject 38
class39,Class39,idTeacher 39,idSubject 39
class40,Class40,idTeacher 40,idSubject 40
class41,Class41,idTeacher 41,idSubject 41
class42,Class42,idTeacher 42,idSubject 42
class43,Class43,idTeacher 43,idSubject 43
class44,Class44,idTeacher 44,idSubject 44
class45,Class45,idTeacher 45,idSubject 45
class46,Class46,idTeacher 46,idSubject 46
class47,Class47,idTeacher 47,idSubject 47
class48,Class48,idTeacher 48,idSubject 48
class49,Class49,idTeacher 49,idSubject 49
class50,Class50,idTeacher 50,idSubject 50
class51,Class51,idTeacher 51,idSubject 51
class52,Class52,idTeacher 52,idSubject 52
class53,Class53,idTeacher 53,idSubject 53
class54,Class54,idTeacher 54,idSubject 54
class55,Class55,idTeacher 55,idSubject 55
class56,Class56,idTeacher 56,idSubject 56
class57,Class57,idTeacher 57,idSubject 57
class58,Class58,idTeacher 58,idSubject 58
class59,Class59,idTeacher 59,idSubject 59
class60,Class60,idTeacher 60,idSubject 60
class61,Class61,idTeacher 61,idSubject 61
class62,Class62,idTeacher 62,idSubject 62
class63,Class63,idTeacher 63,idSubject 63
class64,Class64,idTeacher 64,idSubject 64
class65,Class65,idTeacher 65,idSubject 65
class66,Class66,idTeacher 66,idSubject 66
class67,Class67,idTeacher 67,idSubject 67
class68,Class68,idTeacher 68,idSubject 68
class69,Class69,idTeacher 69,idSubject 69
class70,Class70,idTeacher 70,idSubject 70
class71,Class71,idTeacher 71,idSubject 71
class72,Class72,idTeacher 72,idSubject 72
class73,Class73,idTeacher 73,idSubject 73
class74,Class74,idTeacher 74,idSubject 74
class75,Class75,idTeacher 75,idSubject 75
class76,Class76,idTeacher 76,idSubject 76
class77,Class77,idTeacher 77,idSubject 77
class78,Class78,idTeacher 78,idSubject 78
class79,Class79,idTeacher 79,idSubject 79
class80,Class80,idTeacher 80,idSubject 80
class81,Class81,idTeacher 81,idSubject 81
class82,Class82,idTeacher 82,idSubject 82
class83,Class83,idTeacher 83,idSubject 83
class84,Class84,idTeacher 84,idSubject 84
class85,Class85,idTeacher 85,idSubject 85
class86,Class86,idTeacher 86,idSubject 86
class87,Class87,idTeacher 87,idSubject 87
class88,Class88,idTeacher 88,idSubject 88
class89,Class89,idTeacher 89,idSubject 89
class90,Class90,idTeacher 90,idSubject 90
class91,Class91,idTeacher 91,idSubject 91
class92,Class92,idTeacher 92,idSubject 92
class93,Class93,idTeacher 93,idSubject 93
class94,Class94,idTeacher 94,idSubject 94
class95,Class95,idTeacher 95,idSubject 95
class96,Class96,idTeacher 96,idSubject 96
class97,Class97,idTeacher 97,idSubject 97
class98,Class98,idTeacher 98,idSubject 98
class99,Class99,idTeacher 99,idSubject 99
class100,Class100,idTeacher 100,idSubject 100
class101,Class101,idTeacher 101,idSubject 101
class102,Class102,idTeacher 102,idSubject 102
class103,Class103,idTeacher 103,idSubject 103
class104,Class104,idTeacher 104,idSubject 104
class105,Class105,idTeacher 105,idSubject 105
class106,Class106,idTeacher 106,idSubject 106
class107,Class107,idTeacher 107,idSubject 107
class108,Class108,idTeacher 108,idSubject 108
class109,Class109,idTeacher 109,idSubject 109
class110,Class110,idTeacher 110,idSubject 110
class111,Class111,idTeacher 111,idSubject 111
class112,Class112,idTeacher 112,idSubject 112
class113,Class113,idTeacher 113,idSubject 113
class114,Class114,idTeacher 114,idSubject 114
class115,Class115,idTeacher 115,idSubject 115
class116,Class116,idTeacher 116,idSubject 116
class117,Class117,idTeacher 117,idSubject 117
class118,Class118,idTeacher 118,idSubject 118
class119,Class119,idTeacher 119,idSubject 119
class120,Class120,idTeacher 120,idSubject 120
class121,Class121,idTeacher 121,idSubject 121
class122,Class122,idTeacher 122,idSubject 122
class123,Class123,idTeacher 123,idSubject 123
class124,Class124,idTeacher 124,idSubject 124
class125,Class125,idTeacher 125,idSubject 125
class126,Class126,idTeacher 126,idSubject 126
class127,Class127,idTeacher 127,idSubject 127
class128,Class128,idTeacher 128,idSubject 128
class129,Class129,idTeacher 129,idSubject 129
class130,Class130,idTeacher 130,idSubject 130
class131,Class131,idTeacher 131,idSubject 131
class132,Class132,idTeacher 132,idSubject 132
class133,Class133,idTeacher 133,idSubject 133
class134,Class134,idTeacher 134,idSubject 134
class135,Class135,idTeacher 135,idSubject 135
class136,Class136,idTeacher 136,idSubject 136
class137,Class137,idTeacher 137,idSubject 137
class138,Class138,idTeacher 138,idSubject 138
class139,Class139,idTeacher 139,idSubject 139
class140,Class140,idTeacher 140,idSubject 140
class141,Class141,idTeacher 141,idSubject 141
class142,Class142,idTeacher 142,idSubject 142
class143,Class143,idTeacher 143,idSubject 143
class144,Class144,idTeacher 144,idSubject 144
class145,Class145,idTeacher 145,idSubject 145
class146,Class146,idTeacher 146,idSubject 146
class147,Class147,idTeacher 147,idSubject 147
class148,Class148,idTeacher 148,idSubject 148
class149,Class149,idTeacher 149,idSubject 149
class150,Class150,idTeacher 150,idSubject 150
class151,Class151,idTeacher 151,idSubject 151
class152,Class152,idTeacher 152,idSubject 152
class153,Class153,idTeacher 153,idSubject 153
class154,Class154,idTeacher 154,idSubject 154
class155,Class155,idTeacher 155,idSubject 155
class156,Class156,idTeacher 156,idSubject 156
class157,Class157,idTeacher 157,idSubject 157
class158,Class158,idTeacher 158,idSubject 158
class159,Class159,idTeacher 159,idSubject 159
class160,Class160,idTeacher 160,idSubject 160
class161,Class161,idTeacher 161,idSubject 161
class162,Class162,idTeacher 162,idSubject 162
class163,Class163,idTeacher 163,idSubject 163
class164,Class164,idTeacher 164,idSubject 164
class165,Class165,idTeacher 165,idSubject 165
class166,Class166,idTeacher 166,idSubject 166
class167,Class167,idTeacher 167,idSubject 167
class168,Class168,idTeacher 168,idSubject 168
class169,Class169,idTeacher 169,idSubject 169
class170,Class170,idTeacher 170,idSubject 170
class171,Class171,idTeacher 171,idSubject 171
class172,Class172,idTeacher 172,idSubject 172
class173,Class173,idTeacher 173,idSubject 173
class174,Class174,idTeacher 174,idSubject 174
class175,Class175,idTeacher 175,idSubject 175
class176,Class176,idTeacher 176,idSubject 176
class177,Class177,idTeacher 177,idSubject 177
class178,Class178,idTeacher 178,idSubject 178
class179,Class179,idTeacher 179,idSubject 179
class180,Class180,idTeacher 180,idSubject 180
class181,Class181,idTeacher 181,idSubject 181
class182,Class182,idTeacher 182,idSubject 182
class183,Class183,idTeacher 183,idSubject 183
class184,Class184,idTeacher 184,idSubject 184
class185,Class185,idTeacher 185,idSubject 185
class186,Class186,idTeacher 186,idSubject 186
class187,Class187,idTeacher 187,idSubject 187
class188,Class188,idTeacher 188,idSubject 188
class189,Class189,idTeacher 189,idSubject 189
class190,Class190,idTeacher 190,idSubject 190
class191,Class191,idTeacher 191,idSubject 191
class192,Class192,idTeacher 192,idSubject 192
class193,Class193,idTeacher 193,idSubject 193
class194,Class194,idTeacher 194,idSubject 194
class195,Class195,idTeacher 195,idSubject 195
class196,Class196,idTeacher 196,idSubject 196
class197,Class197,idTeacher 197,idSubject 197
class198,Class198,idTeacher 198,idSubject 198
class199,Class199,idTeacher 199,idSubject 199
class200,Class200,idTeacher 200,idSubject 0
class201,Class201,idTeacher 201,idSubject 1
class202,Class202,idTeacher 202,idSubject 2
class203,Class203,idTeacher 203,idSubject 3
class204,Class204,idTeacher 204,idSubject 4
class205,Class205,idTeacher 205,idSubject 5
class206,Class206,idTeacher 206,idSubject 6
class207,Class207,idTeacher 207,idSubject 7
class208,Class208,idTeacher 208,idSubject 8
class209,Class209,idTeacher 209,idSubject 9
class210,Class210,idTeacher 210,idSubject 10
class211,Class211,idTeacher 211,idSubject 11
class212,Class212,idTeacher 212,idSubject 12
class213,Class213,idTeacher 213,idSubject 13
class214,Class214,idTeacher 214,idSubject 14
class215,Class215,idTeacher 215,idSubject 15
class216,Class216,idTeacher 216,idSubject 16
class217,Class217,idTeacher 217,idSubject 17
class218,Class218,idTeacher 218,idSubject 18
class219,Class219,idTeacher 219,idSubject 19
class220,Class220,idTeacher 220,idSubject 20
class221,Class221,idTeacher 221,idSubject 21
class222,Class222,idTeacher 222,idSubject 22
class223,Class223,idTeacher 223,idSubject 23
class224,Class224,idTeacher 224,idSubject 24
class225,Class225,idTeacher 225,idSubject 25
class226,Class226,idTeacher 226,idSubject 26
class227,Class227,idTeacher 227,idSubject 27
class228,Class228,idTeacher 228,idSubject 28
class229,Class229,idTeacher 229,idSubject 29
class230,Class230,idTeacher 230,idSubject 30
class231,Class231,idTeacher 231,idSubject 31
class232,Class232,idTeacher 232,idSubject 32
class233,Class233,idTeacher 233,idSubject 33
class234,Class234,idTeacher 234,idSubject 34
class235,Class235,idTeacher 235,idSubject 35
class236,Class236,idTeacher 236,idSubject 36
class237,Class237,idTeacher 237,idSubject 37
class238,Class238,idTeacher 238,idSubject 38
class239,Class239,idTeacher 239,idSubject 39
class240,Class240,idTeacher 240,idSubject 40
class241,Class241,idTeacher 241,idSubject 41
class242,Class242,idTeacher 242,idSubject 42
class243,Class243,idTeacher 243,idSubject 43
class244,Class244,idTeacher 244,idSubject 44
class245,Class245,idTeacher 245,idSubject 45
class246,Class246,idTeacher 246,idSubject 46
class247,Class247,idTeacher 247,idSubject 47
class248,Class248,idTeacher 248,idSubject 48
class249,Class249,idTeacher 249,idSubject 49
class250,Class250,idTeacher 250,idSubject 50
class251,Class251,idTeacher 251,idSubject 51
class252,Class252,idTeacher 252,idSubject 52
class253,Class253,idTeacher 253,idSubject 53
class254,Class254,idTeacher 254,idSubject 54
class255,Class255,idTeacher 255,idSubject 55
class256,Class256,idTeacher 256,idSubject 56
class257,Class257,idTeacher 257,idSubject 57
class258,Class258,idTeacher 258,idSubject 58
class259,Class259,idTeacher 259,idSubject 59
class260,Class260,idTeacher 260,idSubject 60
class261,Class261,idTeacher 261,idSubject 61
class262,Class262,idTeacher 262,idSubject 62
class263,Class263,idTeacher 263,idSubject 63
class264,Class264,idTeacher 264,idSubject 64
class265,Class265,idTeacher 265,idSubject 65
class266,Class266,idTeacher 266,idSubject 66
class267,Class267,idTeacher 267,idSubject 67
class268,Class268,idTeacher 268,idSubject 68
class269,Class269,idTeacher 269,idSubject 69
class270,Class270,idTeacher 270,idSubject 70
class271,Class271,idTeacher 271,idSubject 71
class272,Class272,idTeacher 272,idSubject 72
class273,Class273,idTeacher 273,idSubject 73
class274,Class274,idTeacher 274,idSubject 74
class275,Class275,idTeacher 275,idSubject 75
class276,Class276,idTeacher 276,idSubject 76
class277,Class277,idTeacher 277,idSubject 77
class278,Class278,idTeacher 278,idSubject 78
class279,Class279,idTeacher 279,idSubject 79
class280,Class280,idTeacher 280,idSubject 80
class281,Class281,idTeacher 281,idSubject 81
class282,Class282,idTeacher 282,idSubject 82
class283,Class283,idTeacher 283,idSubject 83
class284,Class284,idTeacher 284,idSubject 84
class285,Class285,idTeacher 285,idSubject 85
class286,Class286,idTeacher 286,idSubject 86
class287,Class287,idTeacher 287,idSubject 87
class288,Class288,idTeacher 288,idSubject 88
class289,Class289,idTeacher 289,idSubject 89
class290,Class290,idTeacher 290,idSubject 90
class291,Class291,idTeacher 291,idSubject 91
class292,Class292,idTeacher 292,idSubject 92
class293,Class293,idTeacher 293,idSubject 93
class294,Class294,idTeacher 294,idSubject 94
class295,Class295,idTeacher 295,idSubject 95
class296,Class296,idTeacher 296,idSubject 96
class297,Class297,idTeacher 297,idSubject 97
class298,Class298,idTeacher 298,idSubject 98
class299,Class299,idTeacher 299,idSubject 99
class300,Class300,idTeacher 300,idSubject 100
class301,Class301,idTeacher 301,idSubject 101
class302,Class302,idTeacher 302,idSubject 102
class303,Class303,idTeacher 303,idSubject 103
class304,Class304,idTeacher 304,idSubject 104
class305,Class305,idTeacher 305,idSubject 105
class306,Class306,idTeacher 306,idSubject 106
class307,Class307,idTeacher 307,idSubject 107
class308,Class308,idTeacher 308,idSubject 108
class309,Class309,idTeacher 309,idSubject 109
class310,Class310,idTeacher 310,idSubject 110
class311,Class311,idTeacher 311,idSubject 111
class312,Class312,idTeacher 312,idSubject 112
class313,Class313,idTeacher 313,idSubject 113
class314,Class314,idTeacher 314,idSubject 114
class315,Class315,idTeacher 315,idSubject 115
class316,Class316,idTeacher 316,idSubject 116
class317,Class317,idTeacher 317,idSubject 117
class318,Class318,idTeacher 318,idSubject 118
class319,Class319,idTeacher 319,idSubject 119
class320,Class320,idTeacher 320,idSubject 120
class321,Class321,idTeacher 321,idSubject 121
class322,Class322,idTeacher 322,idSubject 122
class323,Class323,idTeacher 323,idSubject 123
class324,Class324,idTeacher 324,idSubject 124
class325,Class325,idTeacher 325,idSubject 125
class326,Class326,idTeacher 326,idSubject 126
class327,Class327,idTeacher 327,idSubject 127
class328,Class328,idTeacher 328,idSubject 128
class329,Class329,idTeacher 329,idSubject 129
class330,Class330,idTeacher 330,idSubject 130
class331,Class331,idTeacher 331,idSubject 131
class332,Class332,idTeacher 332,idSubject 132
class333,Class333,idTeacher 333,idSubject 133
class334,Class334,idTeacher 334,idSubject 134
class335,Class335,idTeacher 335,idSubject 135
class336,Class336,idTeacher 336,idSubject 136
class337,Class337,idTeacher 337,idSubject 137
class338,Class338,idTeacher 338,idSubject 138
class339,Class339,idTeacher 339,idSubject 139
class340,Class340,idTeacher 340,idSubject 140
class341,Class341,idTeacher 341,idSubject 141
class342,Class342,idTeacher 342,idSubject 142
class343,Class343,idTeacher 343,idSubject 143
class344,Class344,idTeacher 344,idSubject 144
class345,Class345,idTeacher 345,idSubject 145
class346,Class346,idTeacher 346,idSubject 146
class347,Class347,idTeacher 347,idSubject 147
class348,Class348,idTeacher 348,idSubject 148
class349,Class349,idTeacher 349,idSubject 149
class350,Class350,idTeacher 350,idSubject 150
class351,Class351,idTeacher 351,idSubject 151
class352,Class352,idTeacher 352,idSubject 152
class353,Class353,idTeacher 353,idSubject 153
class354,Class354,idTeacher 354,idSubject 154
class355,Class355,idTeacher 355,idSubject 155
class356,Class356,idTeacher 356,idSubject 156
class357,Class357,idTeacher 357,idSubject 157
class358,Class358,idTeacher 358,idSubject 158
class359,Class359,idTeacher 359,idSubject 159
class360,Class360,idTeacher 360,idSubject 160
class361,Class361,idTeacher 361,idSubject 161
class362,Class362,idTeacher 362,idSubject 162
class363,Class363,idTeacher 363,idSubject 163
class364,Class364,idTeacher 364,idSubject 164
class365,Class365,idTeacher 365,idSubject 165
class366,Class366,idTeacher 366,idSubject 166
class367,Class367,idTeacher 367,idSubject 167
class368,Class368,idTeacher 368,idSubject 168
class369,Class369,idTeacher 369,idSubject 169
class370,Class370,idTeacher 370,idSubject 170
class371,Class371,idTeacher 371,idSubject 171
class372,Class372,idTeacher 372,idSubject 172
class373,Class373,idTeacher 373,idSubject 173
class374,Class374,idTeacher 374,idSubject 174
class375,Class375,idTeacher 375,idSubject 175
class376,Class376,idTeacher 376,idSubject 176
class377,Class377,idTeacher 377,idSubject 177
class378,Class378,idTeacher 378,idSubject 178
class379,Class379,idTeacher 379,idSubject 179
class380,Class380,idTeacher 380,idSubject 180
class381,Class381,idTeacher 381,idSubject 181
class382,Class382,idTeacher 382,idSubject 182
class383,Class383,idTeacher 383,idSubject 183
class384,Class384,idTeacher 384,idSubject 184
class385,Class385,idTeacher 385,idSubject 185
class386,Class386,idTeacher 386,idSubject 186
class387,Class387,idTeacher 387,idSubject 187
class388,Class388,idTeacher 388,idSubject 188
class389,Class389,idTeacher 389,idSubject 189
class390,Class390,idTeacher 390,idSubject 190
class391,Class391,idTeacher 391,idSubject 191
class392,Class392,idTeacher 392,idSubject 192
class393,Class393,idTeacher 393,idSubject 193
class394,Class394,idTeacher 394,idSubject 194
class395,Class395,idTeacher 395,idSubject 195
class396,Class396,idTeacher 396,idSubject 196
class397,Class397,idTeacher 397,idSubject 197
class398,Class398,idTeacher 398,idSubject 198
class399,Class399,idTeacher 399,idSubject 199
class400,Class400,idTeacher 400,idSubject 0
class401,Class401,idTeacher 401,idSubject 1
class402,Class402,idTeacher 402,idSubject 2
class403,Class403,idTeacher 403,idSubject 3
class404,Class404,idTeacher 404,idSubject 4
class405,Class405,idTeacher 405,idSubject 5
class406,Class406,idTeacher 406,idSubject 6
class407,Class407,idTeacher 407,idSubject 7
class408,Class408,idTeacher 408,idSubject 8
class409,Class409,idTeacher 409,idSubject 9
class410,Class410,idTeacher 410,idSubject 10
class411,Class411,idTeacher 411,idSubject 11
class412,Class412,idTeacher 412,idSubject 12
class413,Class413,idTeacher 413,idSubject 13
class414,Class414,idTeacher 414,idSubject 14
class415,Class415,idTeacher 415,idSubject 15
class416,Class416,idTeacher 416,idSubject 16
class417,Class417,idTeacher 417,idSubject 17
class418,Class418,idTeacher 418,idSubject 18
class419,Class419,idTeacher 419,idSubject 19
class420,Class420,idTeacher 420,idSubject 20
class421,Class421,idTeacher 421,idSubject 21
class422,Class422,idTeacher 422,idSubject 22
class423,Class423,idTeacher 423,idSubject 23
class424,Class424,idTeacher 424,idSubject 24
class425,Class425,idTeacher 425,idSubject 25
class426,Class426,idTeacher 426,idSubject 26
class427,Class427,idTeacher 427,idSubject 27
class428,Class428,idTeacher 428,idSubject 28
class429,Class429,idTeacher 429,idSubject 29
class430,Class430,idTeacher 430,idSubject 30
class431,Class431,idTeacher 431,idSubject 31
class432,Class432,idTeacher 432,idSubject 32
class433,Class433,idTeacher 433,idSubject 33
class434,Class434,idTeacher 434,idSubject 34
class435,Class435,idTeacher 435,idSubject 35
class436,Class436,idTeacher 436,idSubject 36
class437,Class437,idTeacher 437,idSubject 37
class438,Class438,idTeacher 438,idSubject 38
class439,Class439,idTeacher 439,idSubject 39
class440,Class440,idTeacher 440,idSubject 40
class441,Class441,idTeacher 441,idSubject 41
class442,Class442,idTeacher 442,idSubject 42
class443,Class443,idTeacher 443,idSubject 43
class444,Class444,idTeacher 444,idSubject 44
class445,Class445,idTeacher 445,idSubject 45
class446,Class446,idTeacher 446,idSubject 46
class447,Class447,idTeacher 447,idSubject 47
class448,Class448,idTeacher 448,idSubject 48
class449,Class449,idTeacher 449,idSubject 49
class450,Class450,idTeacher 450,idSubject 50
class451,Class451,idTeacher 451,idSubject 51
class452,Class452,idTeacher 452,idSubject 52
class453,Class453,idTeacher 453,idSubject 53
class454,Class454,idTeacher 454,idSubject 54
class455,Class455,idTeacher 455,idSubject 55
class456,Class456,idTeacher 456,idSubject 56
class457,Class457,idTeacher 457,idSubject 57
class458,Class458,idTeacher 458,idSubject 58
class459,Class459,idTeacher 459,idSubject 59
class460,Class460,idTeacher 460,idSubject 60
class461,Class461,idTeacher 461,idSubject 61
class462,Class462,idTeacher 462,idSubject 62
class463,Class463,idTeacher 463,idSubject 63
class464,Class464,idTeacher 464,idSubject 64
class465,Class465,idTeacher 465,idSubject 65
class466,Class466,idTeacher 466,idSubject 66
class467,Class467,idTeacher 467,idSubject 67
class468,Class468,idTeacher 468,idSubject 68
class469,Class469,idTeacher 469,idSubject 69
class470,Class470,idTeacher 470,idSubject 70
class471,Class471,idTeacher 471,idSubject 71
class472,Class472,idTeacher 472,idSubject 72
class473,Class473,idTeacher 473,idSubject 73
class474,Class474,idTeacher 474,idSubject 74
class475,Class475,idTeacher 475,idSubject 75
class476,Class476,idTeacher 476,idSubject 76
class477,Class477,idTeacher 477,idSubject 77
class478,Class478,idTeacher 478,idSubject 78
class479,Class479,idTeacher 479,idSubject 79
class480,Class480,idTeacher 480,idSubject 80
class481,Class481,idTeacher 481,idSubject 81
class482,Class482,idTeacher 482,idSubject 82
class483,Class483,idTeacher 483,idSubject 83
class484,Class484,idTeacher 484,idSubject 84
class485,Class485,idTeacher 485,idSubject 85
class486,Class486,idTeacher 486,idSubject 86
class487,Class487,idTeacher 487,idSubject 87
class488,Class488,idTeacher 488,idSubject 88
class489,Class489,idTeacher 489,idSubject 89
class490,Class490,idTeacher 490,idSubject 90
class491,Class491,idTeacher 491,idSubject 91
class492,Class492,idTeacher 492,idSubject 92
class493,Class493,idTeacher 493,idSubject 93
class494,Class494,idTeacher 494,idSubject 94
class495,Class495,idTeacher 495,idSubject 95
class496,Class496,idTeacher 496,idSubject 96
class497,Class497,idTeacher 497,idSubject 97
class498,Class498,idTeacher 498,idSubject 98
class499,Class499,idTeacher 499,idSubject 99
class500,Class500,idTeacher 500,idSubject 100
class501,Class501,idTeacher 501,idSubject 101
class502,Class502,idTeacher 502,idSubject 102
class503,Class503,idTeacher 503,idSubject 103
class504,Class504,idTeacher 504,idSubject 104
class505,Class505,idTeacher 505,idSubject 105
class506,Class506,idTeacher 506,idSubject 106
class507,Class507,idTeacher 507,idSubject 107
class508,Class508,idTeacher 508,idSubject 108
class509,Class509,idTeacher 509,idSubject 109
class510,Class510,idTeacher 510,idSubject 110
class511,Class511,idTeacher 511,idSubject 111
class512,Class512,idTeacher 512,idSubject 112
class513,Class513,idTeacher 513,idSubject 113
class514,Class514,idTeacher 514,idSubject 114
class515,Class515,idTeacher 515,idSubject 115
class516,Class516,idTeacher 516,idSubject 116
class517,Class517,idTeacher 517,idSubject 117
class518,Class518,idTeacher 518,idSubject 118
class519,Class519,idTeacher 519,idSubject 119
class520,Class520,idTeacher 520,idSubject 120
class521,Class521,idTeacher 521,idSubject 121
class522,Class522,idTeacher 522,idSubject 122
class523,Class523,idTeacher 523,idSubject 123
class524,Class524,idTeacher 524,idSubject 124
class525,Class525,idTeacher 525,idSubject 125
class526,Class526,idTeacher 526,idSubject 126
class527,Class527,idTeacher 527,idSubject 127
class528,Class528,idTeacher 528,idSubject 128
class529,Class529,idTeacher 529,idSubject 129
class530,Class530,idTeacher 530,idSubject 130
class531,Class531,idTeacher 531,idSubject 131
class532,Class532,idTeacher 532,idSubject 132
class533,Class533,idTeacher 533,idSubject 133
class534,Class534,idTeacher 534,idSubject 134
class535,Class535,idTeacher 535,idSubject 135
class536,Class536,idTeacher 536,idSubject 136
class537,Class537,idTeacher 537,idSubject 137
class538,Class538,idTeacher 538,idSubject 138
class539,Class539,idTeacher 539,idSubject 139
class540,Class540,idTeacher 540,idSubject 140
class541,Class541,idTeacher 541,idSubject 141
class542,Class542,idTeacher 542,idSubject 142
class543,Class543,idTeacher 543,idSubject 143
class544,Class544,idTeacher 544,idSubject 144
class545,Class545,idTeacher 545,idSubject 145
class546,Class546,idTeacher 546,idSubject 146
class547,Class547,idTeacher 547,idSubject 147
class548,Class548,idTeacher 548,idSubject 148
class549,Class549,idTeacher 549,idSubject 149
class550,Class550,idTeacher 550,idSubject 150
class551,Class551,idTeacher 551,idSubject 151
class552,Class552,idTeacher 552,idSubject 152
class553,Class553,idTeacher 553,idSubject 153
class554,Class554,idTeacher 554,idSubject 154
class555,Class555,idTeacher 555,idSubject 155
class556,Class556,idTeacher 556,idSubject 156
class557,Class557,idTeacher 557,idSubject 157
class558,Class558,idTeacher 558,idSubject 158
class559,Class559,idTeacher 559,idSubject 159
class560,Class560,idTeacher 560,idSubject 160
class561,Class561,idTeacher 561,idSubject 161
class562,Class562,idTeacher 562,idSubject 162
class563,Class563,idTeacher 563,idSubject 163
class564,Class564,idTeacher 564,idSubject 164
class565,Class565,idTeacher 565,idSubject 165
class566,Class566,idTeacher 566,idSubject 166
class567,Class567,idTeacher 567,idSubject 167
class568,Class568,idTeacher 568,idSubject 168
class569,Class569,idTeacher 569,idSubject 169
class570,Class570,idTeacher 570,idSubject 170
class571,Class571,idTeacher 571,idSubject 171
class572,Class572,idTeacher 572,idSubject 172
class573,Class573,idTeacher 573,idSubject 173
class574,Class574,idTeacher 574,idSubject 174
class575,Class575,idTeacher 575,idSubject 175
class576,Class576,idTeacher 576,idSubject 176
class577,Class577,idTeacher 577,idSubject 177
class578,Class578,idTeacher 578,idSubject 178
class579,Class579,idTeacher 579,idSubject 179
class580,Class580,idTeacher 580,idSubject 180
class581,Class581,idTeacher 581,idSubject 181
class582,Class582,idTeacher 582,idSubject 182
class583,Class583,idTeacher 583,idSubject 183
class584,Class584,idTeacher 584,idSubject 184
class585,Class585,idTeacher 585,idSubject 185
class586,Class586,idTeacher 586,idSubject 186
class587,Class587,idTeacher 587,idSubject 187
class588,Class588,idTeacher 588,idSubject 188
class589,Class589,idTeacher 589,idSubject 189
class590,Class590,idTeacher 590,idSubject 190
class591,Class591,idTeacher 591,idSubject 191
class592,Class592,idTeacher 592,idSubject 192
class593,Class593,idTeacher 593,idSubject 193
class594,Class594,idTeacher 594,idSubject 194
class595,Class595,idTeacher 595,idSubject 195
class596,Class596,idTeacher 596,idSubject 196
class597,Class597,idTeacher 597,idSubject 197
class598,Class598,idTeacher 598,idSubject 198
class599,Class599,idTeacher 599,idSubject 199
class600,Class600,idTeacher 600,idSubject 0
class601,Class601,idTeacher 601,idSubject 1
class602,Class602,idTeacher 602,idSubject 2
class603,Class603,idTeacher 603,idSubject 3
class604,Class604,idTeacher 604,idSubject 4
class605,Class605,idTeacher 605,idSubject 5
class606,Class606,idTeacher 606,idSubject 6
class607,Class607,idTeacher 607,idSubject 7
class608,Class608,idTeacher 608,idSubject 8
class609,Class609,idTeacher 609,idSubject 9
class610,Class610,idTeacher 610,idSubject 10
class611,Class611,idTeacher 611,idSubject 11
class612,Class612,idTeacher 612,idSubject 12
class613,Class613,idTeacher 613,idSubject 13
class614,Class614,idTeacher 614,idSubject 14
class615,Class615,idTeacher 615,idSubject 15
class616,Class616,idTeacher 616,idSubject 16
class617,Class617,idTeacher 617,idSubject 17
class618,Class618,idTeacher 618,idSubject 18
class619,Class619,idTeacher 619,idSubject 19
class620,Class620,idTeacher 620,idSubject 20
class621,Class621,idTeacher 621,idSubject 21
class622,Class622,idTeacher 622,idSubject 22
class623,Class623,idTeacher 623,idSubject 23
class624,Class624,idTeacher 624,idSubject 24
class625,Class625,idTeacher 625,idSubject 25
class626,Class626,idTeacher 626,idSubject 26
class627,Class627,idTeacher 627,idSubject 27
class628,Class628,idTeacher 628,idSubject 28
class629,Class629,idTeacher 629,idSubject 29
class630,Class630,idTeacher 630,idSubject 30
class631,Class631,idTeacher 631,idSubject 31
class632,Class632,idTeacher 632,idSubject 32
class633,Class633,idTeacher 633,idSubject 33
class634,Class634,idTeacher 634,idSubject 34
class635,Class635,idTeacher 635,idSubject 35
class636,Class636,idTeacher 636,idSubject 36
class637,Class637,idTeacher 637,idSubject 37
class638,Class638,idTeacher 638,idSubject 38
class639,Class639,idTeacher 639,idSubject 39
class640,Class640,idTeacher 640,idSubject 40
class641,Class641,idTeacher 641,idSubject 41
class642,Class642,idTeacher 642,idSubject 42
class643,Class643,idTeacher 643,idSubject 43
class644,Class644,idTeacher 644,idSubject 44
class645,Class645,idTeacher 645,idSubject 45
class646,Class646,idTeacher 646,idSubject 46
class647,Class647,idTeacher 647,idSubject 47
class648,Class648,idTeacher 648,idSubject 48
class649,Class649,idTeacher 649,idSubject 49
class650,Class650,idTeacher 650,idSubject 50
class651,Class651,idTeacher 651,idSubject 51
class652,Class652,idTeacher 652,idSubject 52
class653,Class653,idTeacher 653,idSubject 53
class654,Class654,idTeacher 654,idSubject 54
class655,Class655,idTeacher 655,idSubject 55
class656,Class656,idTeacher 656,idSubject 56
class657,Class657,idTeacher 657,idSubject 57
class658,Class658,idTeacher 658,idSubject 58
class659,Class659,idTeacher 659,idSubject 59
class660,Class660,idTeacher 660,idSubject 60
class661,Class661,idTeacher 661,idSubject 61
class662,Class662,idTeacher 662,idSubject 62
class663,Class663,idTeacher 663,idSubject 63
class664,Class664,idTeacher 664,idSubject 64
class665,Class665,idTeacher 665,idSubject 65
class666,Class666,idTeacher 666,idSubject 66
class667,Class667,idTeacher 667,idSubject 67
class668,Class668,idTeacher 668,idSubject 68
class669,Class669,idTeacher 669,idSubject 69
class670,Class670,idTeacher 670,idSubject 70
class671,Class671,idTeacher 671,idSubject 71
class672,Class672,idTeacher 672,idSubject 72
class673,Class673,idTeacher 673,idSubject 73
class674,Class674,idTeacher 674,idSubject 74
class675,Class675,idTeacher 675,idSubject 75
class676,Class676,idTeacher 676,idSubject 76
class677,Class677,idTeacher 677,idSubject 77
class678,Class678,idTeacher 678,idSubject 78
class679,Class679,idTeacher 679,idSubject 79
class680,Class680,idTeacher 680,idSubject 80
class681,Class681,idTeacher 681,idSubject 81
class682,Class682,idTeacher 682,idSubject 82
class683,Class683,idTeacher 683,idSubject 83
class684,Class684,idTeacher 684,idSubject 84
class685,Class685,idTeacher 685,idSubject 85
class686,Class686,idTeacher 686,idSubject 86
class687,Class687,idTeacher 687,idSubject 87
class688,Class688,idTeacher 688,idSubject 88
class689,Class689,idTeacher 689,idSubject 89
class690,Class690,idTeacher 690,idSubject 90
class691,Class691,idTeacher 691,idSubject 91
class692,Class692,idTeacher 692,idSubject 92
class693,Class693,idTeacher 693,idSubject 93
class694,Class694,idTeacher 694,idSubject 94
class695,Class695,idTeacher 695,idSubject 95
class696,Class696,idTeacher 696,idSubject 96
class697,Class697,idTeacher 697,idSubject 97
class698,Class698,idTeacher 698,idSubject 98
class699,Class699,idTeacher 699,idSubject 99
class700,Class700,idTeacher 700,idSubject 100
class701,Class701,idTeacher 701,idSubject 101
class702,Class702,idTeacher 702,idSubject 102
class703,Class703,idTeacher 703,idSubject 103
class704,Class704,idTeacher 704,idSubject 104
class705,Class705,idTeacher 705,idSubject 105
class706,Class706,idTeacher 706,idSubject 106
class707,Class707,idTeacher 707,idSubject 107
class708,Class708,idTeacher 708,idSubject 108
class709,Class709,idTeacher 709,idSubject 109
class710,Class710,idTeacher 710,idSubject 110
class711,Class711,idTeacher 711,idSubject 111
class712,Class712,idTeacher 712,idSubject 112
class713,Class713,idTeacher 713,idSubject 113
class714,Class714,idTeacher 714,idSubject 114
class715,Class715,idTeacher 715,idSubject 115
class716,Class716,idTeacher 716,idSubject 116
class717,Class717,idTeacher 717,idSubject 117
class718,Class718,idTeacher 718,idSubject 118
class719,Class719,idTeacher 719,idSubject 119
class720,Class720,idTeacher 720,idSubject 120
class721,Class721,idTeacher 721,idSubject 121
class722,Class722,idTeacher 722,idSubject 122
class723,Class723,idTeacher 723,idSubject 123
class724,Class724,idTeacher 724,idSubject 124
class725,Class725,idTeacher 725,idSubject 125
class726,Class726,idTeacher 726,idSubject 126
class727,Class727,idTeacher 727,idSubject 127
class728,Class728,idTeacher 728,idSubject 128
class729,Class729,idTeacher 729,idSubject 129
class730,Class730,idTeacher 730,idSubject 130
class731,Class731,idTeacher 731,idSubject 131
class732,Class732,idTeacher 732,idSubject 132
class733,Class733,idTeacher 733,idSubject 133
class734,Class734,idTeacher 734,idSubject 134
class735,Class735,idTeacher 735,idSubject 135
class736,Class736,idTeacher 736,idSubject 136
class737,Class737,idTeacher 737,idSubject 137
class738,Class738,idTeacher 738,idSubject 138
class739,Class739,idTeacher 739,idSubject 139
class740,Class740,idTeacher 740,idSubject 140
class741,Class741,idTeacher 741,idSubject 141
class742,Class742,idTeacher 742,idSubject 142
class743,Class743,idTeacher 743,idSubject 143
class744,Class744,idTeacher 744,idSubject 144
class745,Class745,idTeacher 745,idSubject 145
class746,Class746,idTeacher 746,idSubject 146
class747,Class747,idTeacher 747,idSubject 147
class748,Class748,idTeacher 748,idSubject 148
class749,Class749,idTeacher 749,idSubject 149
class750,Class750,idTeacher 750,idSubject 150
class751,Class751,idTeacher 751,idSubject 151
class752,Class752,idTeacher 752,idSubject 152
class753,Class753,idTeacher 753,idSubject 153
class754,Class754,idTeacher 754,idSubject 154
class755,Class755,idTeacher 755,idSubject 155
class756,Class756,idTeacher 756,idSubject 156
class757,Class757,idTeacher 757,idSubject 157
class758,Class758,idTeacher 758,idSubject 158
class759,Class759,idTeacher 759,idSubject 159
class760,Class760,idTeacher 760,idSubject 160
class761,Class761,idTeacher 761,idSubject 161
class762,Class762,idTeacher 762,idSubject 162
class763,Class763,idTeacher 763,idSubject 163
class764,Class764,idTeacher 764,idSubject 164
class765,Class765,idTeacher 765,idSubject 165
class766,Class766,idTeacher 766,idSubject 166
class767,Class767,idTeacher 767,idSubject 167
class768,Class768,idTeacher 768,idSubject 168
class769,Class769,idTeacher 769,idSubject 169
class770,Class770,idTeacher 770,idSubject 170
class771,Class771,idTeacher 771,idSubject 171
class772,Class772,idTeacher 772,idSubject 172
class773,Class773,idTeacher 773,idSubject 173
class774,Class774,idTeacher 774,idSubject 174
class775,Class775,idTeacher 775,idSubject 175
class776,Class776,idTeacher 776,idSubject 176
class777,Class777,idTeacher 777,idSubject 177
class778,Class778,idTeacher 778,idSubject 178
class779,Class779,idTeacher 779,idSubject 179
class780,Class780,idTeacher 780,idSubject 180
class781,Class781,idTeacher 781,idSubject 181
class782,Class782,idTeacher 782,idSubject 182
class783,Class783,idTeacher 783,idSubject 183
class784,Class784,idTeacher 784,idSubject 184
class785,Class785,idTeacher 785,idSubject 185
class786,Class786,idTeacher 786,idSubject 186
class787,Class787,idTeacher 787,idSubject 187
class788,Class788,idTeacher 788,idSubject 188
class789,Class789,idTeacher 789,idSubject 189
class790,Class790,idTeacher 790,idSubject 190
class791,Class791,idTeacher 791,idSubject 191
class792,Class792,idTeacher 792,idSubject 192
class793,Class793,idTeacher 793,idSubject 193
class794,Class794,idTeacher 794,idSubject 194
class795,Class795,idTeacher 795,idSubject 195
class796,Class796,idTeacher 796,idSubject 196
class797,Class797,idTeacher 797,idSubject 197
class798,Class798,idTeacher 798,idSubject 198
class799,Class799,idTeacher 799,idSubject 199
class800,Class800,idTeacher 800,idSubject 0
class801,Class801,idTeacher 801,idSubject 1
class802,Class802,idTeacher 802,idSubject 2
class803,Class803,idTeacher 803,idSubject 3
class804,Class804,idTeacher 804,idSubject 4
class805,Class805,idTeacher 805,idSubject 5
class806,Class806,idTeacher 806,idSubject 6
class807,Class807,idTeacher 807,idSubject 7
class808,Class808,idTeacher 808,idSubject 8
class809,Class809,idTeacher 809,idSubject 9
class810,Class810,idTeacher 810,idSubject 10
class811,Class811,idTeacher 811,idSubject 11
class812,Class812,idTeacher 812,idSubject 12
class813,Class813,idTeacher 813,idSubject 13
class814,Class814,idTeacher 814,idSubject 14
class815,Class815,idTeacher 815,idSubject 15
class816,Class816,idTeacher 816,idSubject 16
class817,Class817,idTeacher 817,idSubject 17
class818,Class818,idTeacher 818,idSubject 18
class819,Class819,idTeacher 819,idSubject 19
class820,Class820,idTeacher 820,idSubject 20
class821,Class821,idTeacher 821,idSubject 21
class822,Class822,idTeacher 822,idSubject 22
class823,Class823,idTeacher 823,idSubject 23
class824,Class824,idTeacher 824,idSubject 24
class825,Class825,idTeacher 825,idSubject 25
class826,Class826,idTeacher 826,idSubject 26
class827,Class827,idTeacher 827,idSubject 27
class828,Class828,idTeacher 828,idSubject 28
class829,Class829,idTeacher 829,idSubject 29
class830,Class830,idTeacher 830,idSubject 30
class831,Class831,idTeacher 831,idSubject 31
class832,Class832,idTeacher 832,idSubject 32
class833,Class833,idTeacher 833,idSubject 33
class834,Class834,idTeacher 834,idSubject 34
class835,Class835,idTeacher 835,idSubject 35
class836,Class836,idTeacher 836,idSubject 36
class837,Class837,idTeacher 837,idSubject 37
class838,Class838,idTeacher 838,idSubject 38
class839,Class839,idTeacher 839,idSubject 39
class840,Class840,idTeacher 840,idSubject 40
class841,Class841,idTeacher 841,idSubject 41
class842,Class842,idTeacher 842,idSubject 42
class843,Class843,idTeacher 843,idSubject 43
class844,Class844,idTeacher 844,idSubject 44
class845,Class845,idTeacher 845,idSubject 45
class846,Class846,idTeacher 846,idSubject 46
class847,Class847,idTeacher 847,idSubject 47
class848,Class848,idTeacher 848,idSubject 48
class849,Class849,idTeacher 849,idSubject 49
class850,Class850,idTeacher 850,idSubject 50
class851,Class851,idTeacher 851,idSubject 51
class852,Class852,idTeacher 852,idSubject 52
class853,Class853,idTeacher 853,idSubject 53
class854,Class854,idTeacher 854,idSubject 54
class855,Class855,idTeacher 855,idSubject 55
class856,Class856,idTeacher 856,idSubject 56
class857,Class857,idTeacher 857,idSubject 57
class858,Class858,idTeacher 858,idSubject 58
class859,Class859,idTeacher 859,idSubject 59
class860,Class860,idTeacher 860,idSubject 60
class861,Class861,idTeacher 861,idSubject 61
class862,Class862,idTeacher 862,idSubject 62
class863,Class863,idTeacher 863,idSubject 63
class864,Class864,idTeacher 864,idSubject 64
class865,Class865,idTeacher 865,idSubject 65
class866,Class866,idTeacher 866,idSubject 66
class867,Class867,idTeacher 867,idSubject 67
class868,Class868,idTeacher 868,idSubject 68
class869,Class869,idTeacher 869,idSubject 69
class870,Class870,idTeacher 870,idSubject 70
class871,Class871,idTeacher 871,idSubject 71
class872,Class872,idTeacher 872,idSubject 72
class873,Class873,idTeacher 873,idSubject 73
class874,Class874,idTeacher 874,idSubject 74
class875,Class875,idTeacher 875,idSubject 75
class876,Class876,idTeacher 876,idSubject 76
class877,Class877,idTeacher 877,idSubject 77
class878,Class878,idTeacher 878,idSubject 78
class879,Class879,idTeacher 879,idSubject 79
class880,Class880,idTeacher 880,idSubject 80
class881,Class881,idTeacher 881,idSubject 81
class882,Class882,idTeacher 882,idSubject 82
class883,Class883,idTeacher 883,idSubject 83
class884,Class884,idTeacher 884,idSubject 84
class885,Class885,idTeacher 885,idSubject 85
class886,Class886,idTeacher 886,idSubject 86
class887,Class887,idTeacher 887,idSubject 87
class888,Class888,idTeacher 888,idSubject 88
class889,Class889,idTeacher 889,idSubject 89
class890,Class890,idTeacher 890,idSubject 90
class891,Class891,idTeacher 891,idSubject 91
class892,Class892,idTeacher 892,idSubject 92
class893,Class893,idTeacher 893,idSubject 93
class894,Class894,idTeacher 894,idSubject 94
class895,Class895,idTeacher 895,idSubject 95
class896,Class896,idTeacher 896,idSubject 96
class897,Class897,idTeacher 897,idSubject 97
class898,Class898,idTeacher 898,idSubject 98
class899,Class899,idTeacher 899,idSubject 99
class900,Class900,idTeacher 900,idSubject 100
class901,Class901,idTeacher 901,idSubject 101
class902,Class902,idTeacher 902,idSubject 102
class903,Class903,idTeacher 903,idSubject 103
class904,Class904,idTeacher 904,idSubject 104
class905,Class905,idTeacher 905,idSubject 105
class906,Class906,idTeacher 906,idSubject 106
class907,Class907,idTeacher 907,idSubject 107
class908,Class908,idTeacher 908,idSubject 108
class909,Class909,idTeacher 909,idSubject 109
class910,Class910,idTeacher 910,idSubject 110
class911,Class911,idTeacher 911,idSubject 111
class912,Class912,idTeacher 912,idSubject 112
class913,Class913,idTeacher 913,idSubject 113
class914,Class914,idTeacher 914,idSubject 114
class915,Class915,idTeacher 915,idSubject 115
class916,Class916,idTeacher 916,idSubject 116
class917,Class917,idTeacher 917,idSubject 117
class918,Class918,idTeacher 918,idSubject 118
class919,Class919,idTeacher 919,idSubject 119
class920,Class920,idTeacher 920,idSubject 120
class921,Class921,idTeacher 921,idSubject 121
class922,Class922,idTeacher 922,idSubject 122
class923,Class923,idTeacher 923,idSubject 123
class924,Class924,idTeacher 924,idSubject 124
class925,Class925,idTeacher 925,idSubject 125
class926,Class926,idTeacher 926,idSubject 126
class927,Class927,idTeacher 927,idSubject 127
class928,Class928,idTeacher 928,idSubject 128
class929,Class929,idTeacher 929,idSubject 129
class930,Class930,idTeacher 930,idSubject 130
class931,Class931,idTeacher 931,idSubject 131
class932,Class932,idTeacher 932,idSubject 132
class933,Class933,idTeacher 933,idSubject 133
class934,Class934,idTeacher 934,idSubject 134
class935,Class935,idTeacher 935,idSubject 135
class936,Class936,idTeacher 936,idSubject 136
class937,Class937,idTeacher 937,idSubject 137
class938,Class938,idTeacher 938,idSubject 138
class939,Class939,idTeacher 939,idSubject 139
class940,Class940,idTeacher 940,idSubject 140
class941,Class941,idTeacher 941,idSubject 141
class942,Class942,idTeacher 942,idSubject 142
class943,Class943,idTeacher 943,idSubject 143
class944,Class944,idTeacher 944,idSubject 144
class945,Class945,idTeacher 945,idSubject 145
class946,Class946,idTeacher 946,idSubject 146
class947,Class947,idTeacher 947,idSubject 147
class948,Class948,idTeacher 948,idSubject 148
class949,Class949,idTeacher 949,idSubject 149
class950,Class950,idTeacher 950,idSubject 150
class951,Class951,idTeacher 951,idSubject 151
class952,Class952,idTeacher 952,idSubject 152
class953,Class953,idTeacher 953,idSubject 153
class954,Class954,idTeacher 954,idSubject 154
class955,Class955,idTeacher 955,idSubject 155
class956,Class956,idTeacher 956,idSubject 156
class957,Class957,idTeacher 957,idSubject 157
class958,Class958,idTeacher 958,idSubject 158
class959,Class959,idTeacher 959,idSubject 159
class960,Class960,idTeacher 960,idSubject 160
class961,Class961,idTeacher 961,idSubject 161
class962,Class962,idTeacher 962,idSubject 162
class963,Class963,idTeacher 963,idSubject 163
class964,Class964,idTeacher 964,idSubject 164
class965,Class965,idTeacher 965,idSubject 165
class966,Class966,idTeacher 966,idSubject 166
class967,Class967,idTeacher 967,idSubject 167
class968,Class968,idTeacher 968,idSubject 168
class969,Class969,idTeacher 969,idSubject 169
class970,Class970,idTeacher 970,idSubject 170
class971,Class971,idTeacher 971,idSubject 171
class972,Class972,idTeacher 972,idSubject 172
class973,Class973,idTeacher 973,idSubject 173
class974,Class974,idTeacher 974,idSubject 174
class975,Class975,idTeacher 975,idSubject 175
class976,Class976,idTeacher 976,idSubject 176
class977,Class977,idTeacher 977,idSubject 177
class978,Class978,idTeacher 978,idSubject 178
class979,Class979,idTeacher 979,idSubject 179
class980,Class980,idTeacher 980,idSubject 180
class981,Class981,idTeacher 981,idSubject 181
class982,Class982,idTeacher 982,idSubject 182
class983,Class983,idTeacher 983,idSubject 183
class984,Class984,idTeacher 984,idSubject 184
class985,Class985,idTeacher 985,idSubject 185
class986,Class986,idTeacher 986,idSubject 186
class987,Class987,idTeacher 987,idSubject 187
class988,Class988,idTeacher 988,idSubject 188
class989,Class989,idTeacher 989,idSubject 189
class990,Class990,idTeacher 990,idSubject 190
class991,Class991,idTeacher 991,idSubject 191
class992,Class992,idTeacher 992,idSubject 192
class993,Class993,idTeacher 993,idSubject 193
class994,Class994,idTeacher 994,idSubject 194
class995,Class995,idTeacher 995,idSubject 195
class996,Class996,idTeacher 996,idSubject 196
class997,Class997,idTeacher 997,idSubject 197
class998,Class998,idTeacher 998,idSubject 198
class999,Class999,idTeacher 999,idSubject 199
class1000,Class1000,idTeacher 0,idSubject 0
class1001,Class1001,idTeacher 1,idSubject 1
class1002,Class1002,idTeacher 2,idSubject 2
class1003,Class1003,idTeacher 3,idSubject 3
class1004,Class1004,idTeacher 4,idSubject 4
class1005,Class1005,idTeacher 5,idSubject 5
class1006,Class1006,idTeacher 6,idSubject 6
class1007,Class1007,idTeacher 7,idSubject 7
class1008,Class1008,idTeacher 8,idSubject 8
class1009,Class1009,idTeacher 9,idSubject 9
class1010,Class1010,idTeacher 10,idSubject 10
class1011,Class1011,idTeacher 11,idSubject 11
class1012,Class1012,idTeacher 12,idSubject 12
class1013,Class1013,idTeacher 13,idSubject 13
class1014,Class1014,idTeacher 14,idSubject 14
class1015,Class1015,idTeacher 15,idSubject 15
class1016,Class1016,idTeacher 16,idSubject 16
class1017,Class1017,idTeacher 17,idSubject 17
class1018,Class1018,idTeacher 18,idSubject 18
class1019,Class1019,idTeacher 19,idSubject 19
class1020,Class1020,idTeacher 20,idSubject 20
class1021,Class1021,idTeacher 21,idSubject 21
class1022,Class1022,idTeacher 22,idSubject 22
class1023,Class1023,idTeacher 23,idSubject 23
class1024,Class1024,idTeacher 24,idSubject 24
class1025,Class1025,idTeacher 25,idSubject 25
class1026,Class1026,idTeacher 26,idSubject 26
class1027,Class1027,idTeacher 27,idSubject 27
class1028,Class1028,idTeacher 28,idSubject 28
class1029,Class1029,idTeacher 29,idSubject 29
class1030,Class1030,idTeacher 30,idSubject 30
class1031,Class1031,idTeacher 31,idSubject 31
class1032,Class1032,idTeacher 32,idSubject 32
class1033,Class1033,idTeacher 33,idSubject 33
class1034,Class1034,idTeacher 34,idSubject 34
class1035,Class1035,idTeacher 35,idSubject 35
class1036,Class1036,idTeacher 36,idSubject 36
class1037,Class1037,idTeacher 37,idSubject 37
class1038,Class1038,idTeacher 38,idSubject 38
class1039,Class1039,idTeacher 39,idSubject 39
class1040,Class1040,idTeacher 40,idSubject 40
class1041,Class1041,idTeacher 41,idSubject 41
class1042,Class1042,idTeacher 42,idSubject 42
class1043,Class1043,idTeacher 43,idSubject 43
class1044,Class1044,idTeacher 44,idSubject 44
class1045,Class1045,idTeacher 45,idSubject 45
class1046,Class1046,idTeacher 46,idSubject 46
class1047,Class1047,idTeacher 47,idSubject 47
class1048,Class1048,idTeacher 48,idSubject 48
class1049,Class1049,idTeacher 49,idSubject 49
class1050,Class1050,idTeacher 50,idSubject 50
class1051,Class1051,idTeacher 51,idSubject 51
class1052,Class1052,idTeacher 52,idSubject 52
class1053,Class1053,idTeacher 53,idSubject 53
class1054,Class1054,idTeacher 54,idSubject 54
class1055,Class1055,idTeacher 55,idSubject 55
class1056,Class1056,idTeacher 56,idSubject 56
class1057,Class1057,idTeacher 57,idSubject 57
class1058,Class1058,idTeacher 58,idSubject 58
class1059,Class1059,idTeacher 59,idSubject 59
class1060,Class1060,idTeacher 60,idSubject 60
class1061,Class1061,idTeacher 61,idSubject 61
class1062,Class1062,idTeacher 62,idSubject 62
class1063,Class1063,idTeacher 63,idSubject 63
class1064,Class1064,idTeacher 64,idSubject 64
class1065,Class1065,idTeacher 65,idSubject 65
class1066,Class1066,idTeacher 66,idSubject 66
class1067,Class1067,idTeacher 67,idSubject 67
class1068,Class1068,idTeacher 68,idSubject 68
class1069,Class1069,idTeacher 69,idSubject 69
class1070,Class1070,idTeacher 70,idSubject 70
class1071,Class1071,idTeacher 71,idSubject 71
class1072,Class1072,idTeacher 72,idSubject 72
class1073,Class1073,idTeacher 73,idSubject 73
class1074,Class1074,idTeacher 74,idSubject 74
class1075,Class1075,idTeacher 75,idSubject 75
class1076,Class1076,idTeacher 76,idSubject 76
class1077,Class1077,idTeacher 77,idSubject 77
class1078,Class1078,idTeacher 78,idSubject 78
class1079,Class1079,idTeacher 79,idSubject 79
class1080,Class1080,idTeacher 80,idSubject 80
class1081,Class1081,idTeacher 81,idSubject 81
class1082,Class1082,idTeacher 82,idSubject 82
class1083,Class1083,idTeacher 83,idSubject 83
class1084,Class1084,idTeacher 84,idSubject 84
class1085,Class1085,idTeacher 85,idSubject 85
class1086,Class1086,idTeacher 86,idSubject 86
class1087,Class1087,idTeacher 87,idSubject 87
class1088,Class1088,idTeacher 88,idSubject 88
class1089,Class1089,idTeacher 89,idSubject 89
class1090,Class1090,idTeacher 90,idSubject 90
class1091,Class1091,idTeacher 91,idSubject 91
class1092,Class1092,idTeacher 92,idSubject 92
class1093,Class1093,idTeacher 93,idSubject 93
class1094,Class1094,idTeacher 94,idSubject 94
class1095,Class1095,idTeacher 95,idSubject 95
class1096,Class1096,idTeacher 96,idSubject 96
class1097,Class1097,idTeacher 97,idSubject 97
class1098,Class1098,idTeacher 98,idSubject 98
class1099,Class1099,idTeacher 99,idSubject 99
class1100,Class1100,idTeacher 100,idSubject 100
class1101,Class1101,idTeacher 101,idSubject 101
class1102,Class1102,idTeacher 102,idSubject 102
class1103,Class1103,idTeacher 103,idSubject 103
class1104,Class1104,idTeacher 104,idSubject 104
class1105,Class1105,idTeacher 105,idSubject 105
class1106,Class1106,idTeacher 106,idSubject 106
class1107,Class1107,idTeacher 107,idSubject 107
class1108,Class1108,idTeacher 108,idSubject 108
class1109,Class1109,idTeacher 109,idSubject 109
class1110,Class1110,idTeacher 110,idSubject 110
class1111,Class1111,idTeacher 111,idSubject 111
class1112,Class1112,idTeacher 112,idSubject 112
class1113,Class1113,idTeacher 113,idSubject 113
class1114,Class1114,idTeacher 114,idSubject 114
class1115,Class1115,idTeacher 115,idSubject 115
class1116,Class1116,idTeacher 116,idSubject 116
class1117,Class1117,idTeacher 117,idSubject 117
class1118,Class1118,idTeacher 118,idSubject 118
class1119,Class1119,idTeacher 119,idSubject 119
class1120,Class1120,idTeacher 120,idSubject 120
class1121,Class1121,idTeacher 121,idSubject 121
class1122,Class1122,idTeacher 122,idSubject 122
class1123,Class1123,idTeacher 123,idSubject 123
class1124,Class1124,idTeacher 124,idSubject 124
class1125,Class1125,idTeacher 125,idSubject 125
class1126,Class1126,idTeacher 126,idSubject 126
class1127,Class1127,idTeacher 127,idSubject 127
class1128,Class1128,idTeacher 128,idSubject 128
class1129,Class1129,idTeacher 129,idSubject 129
class1130,Class1130,idTeacher 130,idSubject 130
class1131,Class1131,idTeacher 131,idSubject 131
class1132,Class1132,idTeacher 132,idSubject 132
class1133,Class1133,idTeacher 133,idSubject 133
class1134,Class1134,idTeacher 134,idSubject 134
class1135,Class1135,idTeacher 135,idSubject 135
class1136,Class1136,idTeacher 136,idSubject 136
class1137,Class1137,idTeacher 137,idSubject 137
class1138,Class1138,idTeacher 138,idSubject 138
class1139,Class1139,idTeacher 139,idSubject 139
class1140,Class1140,idTeacher 140,idSubject 140
class1141,Class1141,idTeacher 141,idSubject 141
class1142,Class1142,idTeacher 142,idSubject 142
class1143,Class1143,idTeacher 143,idSubject 143
class1144,Class1144,idTeacher 144,idSubject 144
class1145,Class1145,idTeacher 145,idSubject 145
class1146,Class1146,idTeacher 146,idSubject 146
class1147,Class1147,idTeacher 147,idSubject 147
class1148,Class1148,idTeacher 148,idSubject 148
class1149,Class1149,idTeacher 149,idSubject 149
class1150,Class1150,idTeacher 150,idSubject 150
class1151,Class1151,idTeacher 151,idSubject 151
class1152,Class1152,idTeacher 152,idSubject 152
class1153,Class1153,idTeacher 153,idSubject 153
class1154,Class1154,idTeacher 154,idSubject 154
class1155,Class1155,idTeacher 155,idSubject 155
class1156,Class1156,idTeacher 156,idSubject 156
class1157,Class1157,idTeacher 157,idSubject 157
class1158,Class1158,idTeacher 158,idSubject 158
class1159,Class1159,idTeacher 159,idSubject 159
class1160,Class1160,idTeacher 160,idSubject 160
class1161,Class1161,idTeacher 161,idSubject 161
class1162,Class1162,idTeacher 162,idSubject 162
class1163,Class1163,idTeacher 163,idSubject 163
class1164,Class1164,idTeacher 164,idSubject 164
class1165,Class1165,idTeacher 165,idSubject 165
class1166,Class1166,idTeacher 166,idSubject 166
class1167,Class1167,idTeacher 167,idSubject 167
class1168,Class1168,idTeacher 168,idSubject 168
class1169,Class1169,idTeacher 169,idSubject 169
class1170,Class1170,idTeacher 170,idSubject 170
class1171,Class1171,idTeacher 171,idSubject 171
class1172,Class1172,idTeacher 172,idSubject 172
class1173,Class1173,idTeacher 173,idSubject 173
class1174,Class1174,idTeacher 174,idSubject 174
class1175,Class1175,idTeacher 175,idSubject 175
class1176,Class1176,idTeacher 176,idSubject 176
class1177,Class1177,idTeacher 177,idSubject 177
class1178,Class1178,idTeacher 178,idSubject 178
class1179,Class1179,idTeacher 179,idSubject 179
class1180,Class1180,idTeacher 180,idSubject 180
class1181,Class1181,idTeacher 181,idSubject 181
class1182,Class1182,idTeacher 182,idSubject 182
class1183,Class1183,idTeacher 183,idSubject 183
class1184,Class1184,idTeacher 184,idSubject 184
class1185,Class1185,idTeacher 185,idSubject 185
class1186,Class1186,idTeacher 186,idSubject 186
class1187,Class1187,idTeacher 187,idSubject 187
class1188,Class1188,idTeacher 188,idSubject 188
class1189,Class1189,idTeacher 189,idSubject 189
class1190,Class1190,idTeacher 190,idSubject 190
class1191,Class1191,idTeacher 191,idSubject 191
class1192,Class1192,idTeacher 192,idSubject 192
class1193,Class1193,idTeacher 193,idSubject 193
class1194,Class1194,idTeacher 194,idSubject 194
class1195,Class1195,idTeacher 195,idSubject 195
class1196,Class1196,idTeacher 196,idSubject 196
class1197,Class1197,idTeacher 197,idSubject 197
class1198,Class1198,idTeacher 198,idSubject 198
class1199,Class1199,idTeacher 199,idSubject 199
class1200,Class1200,idTeacher 200,idSubject 0
class1201,Class1201,idTeacher 201,idSubject 1
class1202,Class1202,idTeacher 202,idSubject 2
class1203,Class1203,idTeacher 203,idSubject 3
class1204,Class1204,idTeacher 204,idSubject 4
class1205,Class1205,idTeacher 205,idSubject 5
class1206,Class1206,idTeacher 206,idSubject 6
class1207,Class1207,idTeacher 207,idSubject 7
class1208,Class1208,idTeacher 208,idSubject 8
class1209,Class1209,idTeacher 209,idSubject 9
class1210,Class1210,idTeacher 210,idSubject 10
class1211,Class1211,idTeacher 211,idSubject 11
class1212,Class1212,idTeacher 212,idSubject 12
class1213,Class1213,idTeacher 213,idSubject 13
class1214,Class1214,idTeacher 214,idSubject 14
class1215,Class1215,idTeacher 215,idSubject 15
class1216,Class1216,idTeacher 216,idSubject 16
class1217,Class1217,idTeacher 217,idSubject 17
class1218,Class1218,idTeacher 218,idSubject 18
class1219,Class1219,idTeacher 219,idSubject 19
class1220,Class1220,idTeacher 220,idSubject 20
class1221,Class1221,idTeacher 221,idSubject 21
class1222,Class1222,idTeacher 222,idSubject 22
class1223,Class1223,idTeacher 223,idSubject 23
class1224,Class1224,idTeacher 224,idSubject 24
class1225,Class1225,idTeacher 225,idSubject 25
class1226,Class1226,idTeacher 226,idSubject 26
class1227,Class1227,idTeacher 227,idSubject 27
class1228,Class1228,idTeacher 228,idSubject 28
class1229,Class1229,idTeacher 229,idSubject 29
class1230,Class1230,idTeacher 230,idSubject 30
class1231,Class1231,idTeacher 231,idSubject 31
class1232,Class1232,idTeacher 232,idSubject 32
class1233,Class1233,idTeacher 233,idSubject 33
class1234,Class1234,idTeacher 234,idSubject 34
class1235,Class1235,idTeacher 235,idSubject 35
class1236,Class1236,idTeacher 236,idSubject 36
class1237,Class1237,idTeacher 237,idSubject 37
class1238,Class1238,idTeacher 238,idSubject 38
class1239,Class1239,idTeacher 239,idSubject 39
class1240,Class1240,idTeacher 240,idSubject 40
class1241,Class1241,idTeacher 241,idSubject 41
class1242,Class1242,idTeacher 242,idSubject 42
class1243,Class1243,idTeacher 243,idSubject 43
class1244,Class1244,idTeacher 244,idSubject 44
class1245,Class1245,idTeacher 245,idSubject 45
class1246,Class1246,idTeacher 246,idSubject 46
class1247,Class1247,idTeacher 247,idSubject 47
class1248,Class1248,idTeacher 248,idSubject 48
class1249,Class1249,idTeacher 249,idSubject 49
class1250,Class1250,idTeacher 250,idSubject 50
class1251,Class1251,idTeacher 251,idSubject 51
class1252,Class1252,idTeacher 252,idSubject 52
class1253,Class1253,idTeacher 253,idSubject 53
class1254,Class1254,idTeacher 254,idSubject 54
class1255,Class1255,idTeacher 255,idSubject 55
class1256,Class1256,idTeacher 256,idSubject 56
class1257,Class1257,idTeacher 257,idSubject 57
class1258,Class1258,idTeacher 258,idSubject 58
class1259,Class1259,idTeacher 259,idSubject 59
class1260,Class1260,idTeacher 260,idSubject 60
class1261,Class1261,idTeacher 261,idSubject 61
class1262,Class1262,idTeacher 262,idSubject 62
class1263,Class1263,idTeacher 263,idSubject 63
class1264,Class1264,idTeacher 264,idSubject 64
class1265,Class1265,idTeacher 265,idSubject 65
class1266,Class1266,idTeacher 266,idSubject 66
class1267,Class1267,idTeacher 267,idSubject 67
class1268,Class1268,idTeacher 268,idSubject 68
class1269,Class1269,idTeacher 269,idSubject 69
class1270,Class1270,idTeacher 270,idSubject 70
class1271,Class1271,idTeacher 271,idSubject 71
class1272,Class1272,idTeacher 272,idSubject 72
class1273,Class1273,idTeacher 273,idSubject 73
class1274,Class1274,idTeacher 274,idSubject 74
class1275,Class1275,idTeacher 275,idSubject 75
class1276,Class1276,idTeacher 276,idSubject 76
class1277,Class1277,idTeacher 277,idSubject 77
class1278,Class1278,idTeacher 278,idSubject 78
class1279,Class1279,idTeacher 279,idSubject 79
class1280,Class1280,idTeacher 280,idSubject 80
class1281,Class1281,idTeacher 281,idSubject 81
class1282,Class1282,idTeacher 282,idSubject 82
class1283,Class1283,idTeacher 283,idSubject 83
class1284,Class1284,idTeacher 284,idSubject 84
class1285,Class1285,idTeacher 285,idSubject 85
class1286,Class1286,idTeacher 286,idSubject 86
class1287,Class1287,idTeacher 287,idSubject 87
class1288,Class1288,idTeacher 288,idSubject 88
class1289,Class1289,idTeacher 289,idSubject 89
class1290,Class1290,idTeacher 290,idSubject 90
class1291,Class1291,idTeacher 291,idSubject 91
class1292,Class1292,idTeacher 292,idSubject 92
class1293,Class1293,idTeacher 293,idSubject 93
class1294,Class1294,idTeacher 294,idSubject 94
class1295,Class1295,idTeacher 295,idSubject 95
class1296,Class1296,idTeacher 296,idSubject 96
class1297,Class1297,idTeacher 297,idSubject 97
class1298,Class1298,idTeacher 298,idSubject 98
class1299,Class1299,idTeacher 299,idSubject 99
class1300,Class1300,idTeacher 300,idSubject 100
class1301,Class1301,idTeacher 301,idSubject 101
class1302,Class1302,idTeacher 302,idSubject 102
class1303,Class1303,idTeacher 303,idSubject 103
class1304,Class1304,idTeacher 304,idSubject 104
class1305,Class1305,idTeacher 305,idSubject 105
class1306,Class1306,idTeacher 306,idSubject 106
class1307,Class1307,idTeacher 307,idSubject 107
class1308,Class1308,idTeacher 308,idSubject 108
class1309,Class1309,idTeacher 309,idSubject 109
class1310,Class1310,idTeacher 310,idSubject 110
class1311,Class1311,idTeacher 311,idSubject 111
class1312,Class1312,idTeacher 312,idSubject 112
class1313,Class1313,idTeacher 313,idSubject 113
class1314,Class1314,idTeacher 314,idSubject 114
class1315,Class1315,idTeacher 315,idSubject 115
class1316,Class1316,idTeacher 316,idSubject 116
class1317,Class1317,idTeacher 317,idSubject 117
class1318,Class1318,idTeacher 318,idSubject 118
class1319,Class1319,idTeacher 319,idSubject 119
class1320,Class1320,idTeacher 320,idSubject 120
class1321,Class1321,idTeacher 321,idSubject 121
class1322,Class1322,idTeacher 322,idSubject 122
class1323,Class1323,idTeacher 323,idSubject 123
class1324,Class1324,idTeacher 324,idSubject 124
class1325,Class1325,idTeacher 325,idSubject 125
class1326,Class1326,idTeacher 326,idSubject 126
class1327,Class1327,idTeacher 327,idSubject 127
class1328,Class1328,idTeacher 328,idSubject 128
class1329,Class1329,idTeacher 329,idSubject 129
class1330,Class1330,idTeacher 330,idSubject 130
class1331,Class1331,idTeacher 331,idSubject 131
class1332,Class1332,idTeacher 332,idSubject 132
class1333,Class1333,idTeacher 333,idSubject 133
class1334,Class1334,idTeacher 334,idSubject 134
class1335,Class1335,idTeacher 335,idSubject 135
class1336,Class1336,idTeacher 336,idSubject 136
class1337,Class1337,idTeacher 337,idSubject 137
class1338,Class1338,idTeacher 338,idSubject 138
class1339,Class1339,idTeacher 339,idSubject 139
class1340,Class1340,idTeacher 340,idSubject 140
class1341,Class1341,idTeacher 341,idSubject 141
class1342,Class1342,idTeacher 342,idSubject 142
class1343,Class1343,idTeacher 343,idSubject 143
class1344,Class1344,idTeacher 344,idSubject 144
class1345,Class1345,idTeacher 345,idSubject 145
class1346,Class1346,idTeacher 346,idSubject 146
class1347,Class1347,idTeacher 347,idSubject 147
class1348,Class1348,idTeacher 348,idSubject 148
class1349,Class1349,idTeacher 349,idSubject 149
class1350,Class1350,idTeacher 350,idSubject 150
class1351,Class1351,idTeacher 351,idSubject 151
class1352,Class1352,idTeacher 352,idSubject 152
class1353,Class1353,idTeacher 353,idSubject 153
class1354,Class1354,idTeacher 354,idSubject 154
class1355,Class1355,idTeacher 355,idSubject 155
class1356,Class1356,idTeacher 356,idSubject 156
class1357,Class1357,idTeacher 357,idSubject 157
class1358,Class1358,idTeacher 358,idSubject 158
class1359,Class1359,idTeacher 359,idSubject 159
class1360,Class1360,idTeacher 360,idSubject 160
class1361,Class1361,idTeacher 361,idSubject 161
class1362,Class1362,idTeacher 362,idSubject 162
class1363,Class1363,idTeacher 363,idSubject 163
class1364,Class1364,idTeacher 364,idSubject 164
class1365,Class1365,idTeacher 365,idSubject 165
class1366,Class1366,idTeacher 366,idSubject 166
class1367,Class1367,idTeacher 367,idSubject 167
class1368,Class1368,idTeacher 368,idSubject 168
class1369,Class1369,idTeacher 369,idSubject 169
class1370,Class1370,idTeacher 370,idSubject 170
class1371,Class1371,idTeacher 371,idSubject 171
class1372,Class1372,idTeacher 372,idSubject 172
class1373,Class1373,idTeacher 373,idSubject 173
class1374,Class1374,idTeacher 374,idSubject 174
class1375,Class1375,idTeacher 375,idSubject 175
class1376,Class1376,idTeacher 376,idSubject 176
class1377,Class1377,idTeacher 377,idSubject 177
class1378,Class1378,idTeacher 378,idSubject 178
class1379,Class1379,idTeacher 379,idSubject 179
class1380,Class1380,idTeacher 380,idSubject 180
class1381,Class1381,idTeacher 381,idSubject 181
class1382,Class1382,idTeacher 382,idSubject 182
class1383,Class1383,idTeacher 383,idSubject 183
class1384,Class1384,idTeacher 384,idSubject 184
class1385,Class1385,idTeacher 385,idSubject 185
class1386,Class1386,idTeacher 386,idSubject 186
class1387,Class1387,idTeacher 387,idSubject 187
class1388,Class1388,idTeacher 388,idSubject 188
class1389,Class1389,idTeacher 389,idSubject 189
class1390,Class1390,idTeacher 390,idSubject 190
class1391,Class1391,idTeacher 391,idSubject 191
class1392,Class1392,idTeacher 392,idSubject 192
class1393,Class1393,idTeacher 393,idSubject 193
class1394,Class1394,idTeacher 394,idSubject 194
class1395,Class1395,idTeacher 395,idSubject 195
class1396,Class1396,idTeacher 396,idSubject 196
class1397,Class1397,idTeacher 397,idSubject 197
class1398,Class1398,idTeacher 398,idSubject 198
class1399,Class1399,idTeacher 399,idSubject 199
class1400,Class1400,idTeacher 400,idSubject 0
class1401,Class1401,idTeacher 401,idSubject 1
class1402,Class1402,idTeacher 402,idSubject 2
class1403,Class1403,idTeacher 403,idSubject 3
class1404,Class1404,idTeacher 404,idSubject 4
class1405,Class1405,idTeacher 405,idSubject 5
class1406,Class1406,idTeacher 406,idSubject 6
class1407,Class1407,idTeacher 407,idSubject 7
class1408,Class1408,idTeacher 408,idSubject 8
class1409,Class1409,idTeacher 409,idSubject 9
class1410,Class1410,idTeacher 410,idSubject 10
class1411,Class1411,idTeacher 411,idSubject 11
class1412,Class1412,idTeacher 412,idSubject 12
class1413,Class1413,idTeacher 413,idSubject 13
class1414,Class1414,idTeacher 414,idSubject 14
class1415,Class1415,idTeacher 415,idSubject 15
class1416,Class1416,idTeacher 416,idSubject 16
class1417,Class1417,idTeacher 417,idSubject 17
class1418,Class1418,idTeacher 418,idSubject 18
class1419,Class1419,idTeacher 419,idSubject 19
class1420,Class1420,idTeacher 420,idSubject 20
class1421,Class1421,idTeacher 421,idSubject 21
class1422,Class1422,idTeacher 422,idSubject 22
class1423,Class1423,idTeacher 423,idSubject 23
class1424,Class1424,idTeacher 424,idSubject 24
class1425,Class1425,idTeacher 425,idSubject 25
class1426,Class1426,idTeacher 426,idSubject 26
class1427,Class1427,idTeacher 427,idSubject 27
class1428,Class1428,idTeacher 428,idSubject 28
class1429,Class1429,idTeacher 429,idSubject 29
class1430,Class1430,idTeacher 430,idSubject 30
class1431,Class1431,idTeacher 431,idSubject 31
class1432,Class1432,idTeacher 432,idSubject 32
class1433,Class1433,idTeacher 433,idSubject 33
class1434,Class1434,idTeacher 434,idSubject 34
class1435,Class1435,idTeacher 435,idSubject 35
class1436,Class1436,idTeacher 436,idSubject 36
class1437,Class1437,idTeacher 437,idSubject 37
class1438,Class1438,idTeacher 438,idSubject 38
class1439,Class1439,idTeacher 439,idSubject 39
class1440,Class1440,idTeacher 440,idSubject 40
class1441,Class1441,idTeacher 441,idSubject 41
class1442,Class1442,idTeacher 442,idSubject 42
class1443,Class1443,idTeacher 443,idSubject 43
class1444,Class1444,idTeacher 444,idSubject 44
class1445,Class1445,idTeacher 445,idSubject 45
class1446,Class1446,idTeacher 446,idSubject 46
class1447,Class1447,idTeacher 447,idSubject 47
class1448,Class1448,idTeacher 448,idSubject 48
class1449,Class1449,idTeacher 449,idSubject 49
class1450,Class1450,idTeacher 450,idSubject 50
class1451,Class1451,idTeacher 451,idSubject 51
class1452,Class1452,idTeacher 452,idSubject 52
class1453,Class1453,idTeacher 453,idSubject 53
class1454,Class1454,idTeacher 454,idSubject 54
class1455,Class1455,idTeacher 455,idSubject 55
class1456,Class1456,idTeacher 456,idSubject 56
class1457,Class1457,idTeacher 457,idSubject 57
class1458,Class1458,idTeacher 458,idSubject 58
class1459,Class1459,idTeacher 459,idSubject 59
class1460,Class1460,idTeacher 460,idSubject 60
class1461,Class1461,idTeacher 461,idSubject 61
class1462,Class1462,idTeacher 462,idSubject 62
class1463,Class1463,idTeacher 463,idSubject 63
class1464,Class1464,idTeacher 464,idSubject 64
class1465,Class1465,idTeacher 465,idSubject 65
class1466,Class1466,idTeacher 466,idSubject 66
class1467,Class1467,idTeacher 467,idSubject 67
class1468,Class1468,idTeacher 468,idSubject 68
class1469,Class1469,idTeacher 469,idSubject 69
class1470,Class1470,idTeacher 470,idSubject 70
class1471,Class1471,idTeacher 471,idSubject 71
class1472,Class1472,idTeacher 472,idSubject 72
class1473,Class1473,idTeacher 473,idSubject 73
class1474,Class1474,idTeacher 474,idSubject 74
class1475,Class1475,idTeacher 475,idSubject 75
class1476,Class1476,idTeacher 476,idSubject 76
class1477,Class1477,idTeacher 477,idSubject 77
class1478,Class1478,idTeacher 478,idSubject 78
class1479,Class1479,idTeacher 479,idSubject 79
class1480,Class1480,idTeacher 480,idSubject 80
class1481,Class1481,idTeacher 481,idSubject 81
class1482,Class1482,idTeacher 482,idSubject 82
class1483,Class1483,idTeacher 483,idSubject 83
class1484,Class1484,idTeacher 484,idSubject 84
class1485,Class1485,idTeacher 485,idSubject 85
class1486,Class1486,idTeacher 486,idSubject 86
class1487,Class1487,idTeacher 487,idSubject 87
class1488,Class1488,idTeacher 488,idSubject 88
class1489,Class1489,idTeacher 489,idSubject 89
class1490,Class1490,idTeacher 490,idSubject 90
class1491,Class1491,idTeacher 491,idSubject 91
class1492,Class1492,idTeacher 492,idSubject 92
class1493,Class1493,idTeacher 493,idSubject 93
class1494,Class1494,idTeacher 494,idSubject 94
class1495,Class1495,idTeacher 495,idSubject 95
class1496,Class1496,idTeacher 496,idSubject 96
class1497,Class1497,idTeacher 497,idSubject 97
class1498,Class1498,idTeacher 498,idSubject 98
class1499,Class1499,idTeacher 499,idSubject 99
class1500,Class1500,idTeacher 500,idSubject 100
class1501,Class1501,idTeacher 501,idSubject 101
class1502,Class1502,idTeacher 502,idSubject 102
class1503,Class1503,idTeacher 503,idSubject 103
class1504,Class1504,idTeacher 504,idSubject 104
class1505,Class1505,idTeacher 505,idSubject 105
class1506,Class1506,idTeacher 506,idSubject 106
class1507,Class1507,idTeacher 507,idSubject 107
class1508,Class1508,idTeacher 508,idSubject 108
class1509,Class1509,idTeacher 509,idSubject 109
class1510,Class1510,idTeacher 510,idSubject 110
class1511,Class1511,idTeacher 511,idSubject 111
class1512,Class1512,idTeacher 512,idSubject 112
class1513,Class1513,idTeacher 513,idSubject 113
class1514,Class1514,idTeacher 514,idSubject 114
class1515,Class1515,idTeacher 515,idSubject 115
class1516,Class1516,idTeacher 516,idSubject 116
class1517,Class1517,idTeacher 517,idSubject 117
class1518,Class1518,idTeacher 518,idSubject 118
class1519,Class1519,idTeacher 519,idSubject 119
class1520,Class1520,idTeacher 520,idSubject 120
class1521,Class1521,idTeacher 521,idSubject 121
class1522,Class1522,idTeacher 522,idSubject 122
class1523,Class1523,idTeacher 523,idSubject 123
class1524,Class1524,idTeacher 524,idSubject 124
class1525,Class1525,idTeacher 525,idSubject 125
class1526,Class1526,idTeacher 526,idSubject 126
class1527,Class1527,idTeacher 527,idSubject 127
class1528,Class1528,idTeacher 528,idSubject 128
class1529,Class1529,idTeacher 529,idSubject 129
class1530,Class1530,idTeacher 530,idSubject 130
class1531,Class1531,idTeacher 531,idSubject 131
class1532,Class1532,idTeacher 532,idSubject 132
class1533,Class1533,idTeacher 533,idSubject 133
class1534,Class1534,idTeacher 534,idSubject 134
class1535,Class1535,idTeacher 535,idSubject 135
class1536,Class1536,idTeacher 536,idSubject 136
class1537,Class1537,idTeacher 537,idSubject 137
class1538,Class1538,idTeacher 538,idSubject 138
class1539,Class1539,idTeacher 539,idSubject 139
class1540,Class1540,idTeacher 540,idSubject 140
class1541,Class1541,idTeacher 541,idSubject 141
class1542,Class1542,idTeacher 542,idSubject 142
class1543,Class1543,idTeacher 543,idSubject 143
class1544,Class1544,idTeacher 544,idSubject 144
class1545,Class1545,idTeacher 545,idSubject 145
class1546,Class1546,idTeacher 546,idSubject 146
class1547,Class1547,idTeacher 547,idSubject 147
class1548,Class1548,idTeacher 548,idSubject 148
class1549,Class1549,idTeacher 549,idSubject 149
class1550,Class1550,idTeacher 550,idSubject 150
class1551,Class1551,idTeacher 551,idSubject 151
class1552,Class1552,idTeacher 552,idSubject 152
class1553,Class1553,idTeacher 553,idSubject 153
class1554,Class1554,idTeacher 554,idSubject 154
class1555,Class1555,idTeacher 555,idSubject 155
class1556,Class1556,idTeacher 556,idSubject 156
class1557,Class1557,idTeacher 557,idSubject 157
class1558,Class1558,idTeacher 558,idSubject 158
class1559,Class1559,idTeacher 559,idSubject 159
class1560,Class1560,idTeacher 560,idSubject 160
class1561,Class1561,idTeacher 561,idSubject 161
class1562,Class1562,idTeacher 562,idSubject 162
class1563,Class1563,idTeacher 563,idSubject 163
class1564,Class1564,idTeacher 564,idSubject 164
class1565,Class1565,idTeacher 565,idSubject 165
class1566,Class1566,idTeacher 566,idSubject 166
class1567,Class1567,idTeacher 567,idSubject 167
class1568,Class1568,idTeacher 568,idSubject 168
class1569,Class1569,idTeacher 569,idSubject 169
class1570,Class1570,idTeacher 570,idSubject 170
class1571,Class1571,idTeacher 571,idSubject 171
class1572,Class1572,idTeacher 572,idSubject 172
class1573,Class1573,idTeacher 573,idSubject 173
class1574,Class1574,idTeacher 574,idSubject 174
class1575,Class1575,idTeacher 575,idSubject 175
class1576,Class1576,idTeacher 576,idSubject 176
class1577,Class1577,idTeacher 577,idSubject 177
class1578,Class1578,idTeacher 578,idSubject 178
class1579,Class1579,idTeacher 579,idSubject 179
class1580,Class1580,idTeacher 580,idSubject 180
class1581,Class1581,idTeacher 581,idSubject 181
class1582,Class1582,idTeacher 582,idSubject 182
class1583,Class1583,idTeacher 583,idSubject 183
class1584,Class1584,idTeacher 584,idSubject 184
class1585,Class1585,idTeacher 585,idSubject 185
class1586,Class1586,idTeacher 586,idSubject 186
class1587,Class1587,idTeacher 587,idSubject 187
class1588,Class1588,idTeacher 588,idSubject 188
class1589,Class1589,idTeacher 589,idSubject 189
class1590,Class1590,idTeacher 590,idSubject 190
class1591,Class1591,idTeacher 591,idSubject 191
class1592,Class1592,idTeacher 592,idSubject 192
class1593,Class1593,idTeacher 593,idSubject 193
class1594,Class1594,idTeacher 594,idSubject 194
class1595,Class1595,idTeacher 595,idSubject 195
class1596,Class1596,idTeacher 596,idSubject 196
class1597,Class1597,idTeacher 597,idSubject 197
class1598,Class1598,idTeacher 598,idSubject 198
class1599,Class1599,idTeacher 599,idSubject 199
class1600,Class1600,idTeacher 600,idSubject 0
class1601,Class1601,idTeacher 601,idSubject 1
class1602,Class1602,idTeacher 602,idSubject 2
class1603,Class1603,idTeacher 603,idSubject 3
class1604,Class1604,idTeacher 604,idSubject 4
class1605,Class1605,idTeacher 605,idSubject 5
class1606,Class1606,idTeacher 606,idSubject 6
class1607,Class1607,idTeacher 607,idSubject 7
class1608,Class1608,idTeacher 608,idSubject 8
class1609,Class1609,idTeacher 609,idSubject 9
class1610,Class1610,idTeacher 610,idSubject 10
class1611,Class1611,idTeacher 611,idSubject 11
class1612,Class1612,idTeacher 612,idSubject 12
class1613,Class1613,idTeacher 613,idSubject 13
class1614,Class1614,idTeacher 614,idSubject 14
class1615,Class1615,idTeacher 615,idSubject 15
class1616,Class1616,idTeacher 616,idSubject 16
class1617,Class1617,idTeacher 617,idSubject 17
class1618,Class1618,idTeacher 618,idSubject 18
class1619,Class1619,idTeacher 619,idSubject 19
class1620,Class1620,idTeacher 620,idSubject 20
class1621,Class1621,idTeacher 621,idSubject 21
class1622,Class1622,idTeacher 622,idSubject 22
class1623,Class1623,idTeacher 623,idSubject 23
class1624,Class1624,idTeacher 624,idSubject 24
class1625,Class1625,idTeacher 625,idSubject 25
class1626,Class1626,idTeacher 626,idSubject 26
class1627,Class1627,idTeacher 627,idSubject 27
class1628,Class1628,idTeacher 628,idSubject 28
class1629,Class1629,idTeacher 629,idSubject 29
class1630,Class1630,idTeacher 630,idSubject 30
class1631,Class1631,idTeacher 631,idSubject 31
class1632,Class1632,idTeacher 632,idSubject 32
class1633,Class1633,idTeacher 633,idSubject 33
class1634,Class1634,idTeacher 634,idSubject 34
class1635,Class1635,idTeacher 635,idSubject 35
class1636,Class1636,idTeacher 636,idSubject 36
class1637,Class1637,idTeacher 637,idSubject 37
class1638,Class1638,idTeacher 638,idSubject 38
class1639,Class1639,idTeacher 639,idSubject 39
class1640,Class1640,idTeacher 640,idSubject 40
class1641,Class1641,idTeacher 641,idSubject 41
class1642,Class1642,idTeacher 642,idSubject 42
class1643,Class1643,idTeacher 643,idSubject 43
class1644,Class1644,idTeacher 644,idSubject 44
class1645,Class1645,idTeacher 645,idSubject 45
class1646,Class1646,idTeacher 646,idSubject 46
class1647,Class1647,idTeacher 647,idSubject 47
class1648,Class1648,idTeacher 648,idSubject 48
class1649,Class1649,idTeacher 649,idSubject 49
class1650,Class1650,idTeacher 650,idSubject 50
class1651,Class1651,idTeacher 651,idSubject 51
class1652,Class1652,idTeacher 652,idSubject 52
class1653,Class1653,idTeacher 653,idSubject 53
class1654,Class1654,idTeacher 654,idSubject 54
class1655,Class1655,idTeacher 655,idSubject 55
class1656,Class1656,idTeacher 656,idSubject 56
class1657,Class1657,idTeacher 657,idSubject 57
class1658,Class1658,idTeacher 658,idSubject 58
class1659,Class1659,idTeacher 659,idSubject 59
class1660,Class1660,idTeacher 660,idSubject 60
class1661,Class1661,idTeacher 661,idSubject 61
class1662,Class1662,idTeacher 662,idSubject 62
class1663,Class1663,idTeacher 663,idSubject 63
class1664,Class1664,idTeacher 664,idSubject 64
class1665,Class1665,idTeacher 665,idSubject 65
class1666,Class1666,idTeacher 666,idSubject 66
class1667,Class1667,idTeacher 667,idSubject 67
class1668,Class1668,idTeacher 668,idSubject 68
class1669,Class1669,idTeacher 669,idSubject 69
class1670,Class1670,idTeacher 670,idSubject 70
class1671,Class1671,idTeacher 671,idSubject 71
class1672,Class1672,idTeacher 672,idSubject 72
class1673,Class1673,idTeacher 673,idSubject 73
class1674,Class1674,idTeacher 674,idSubject 74
class1675,Class1675,idTeacher 675,idSubject 75
class1676,Class1676,idTeacher 676,idSubject 76
class1677,Class1677,idTeacher 677,idSubject 77
class1678,Class1678,idTeacher 678,idSubject 78
class1679,Class1679,idTeacher 679,idSubject 79
class1680,Class1680,idTeacher 680,idSubject 80
class1681,Class1681,idTeacher 681,idSubject 81
class1682,Class1682,idTeacher 682,idSubject 82
class1683,Class1683,idTeacher 683,idSubject 83
class1684,Class1684,idTeacher 684,idSubject 84
class1685,Class1685,idTeacher 685,idSubject 85
class1686,Class1686,idTeacher 686,idSubject 86
class1687,Class1687,idTeacher 687,idSubject 87
class1688,Class1688,idTeacher 688,idSubject 88
class1689,Class1689,idTeacher 689,idSubject 89
class1690,Class1690,idTeacher 690,idSubject 90
class1691,Class1691,idTeacher 691,idSubject 91
class1692,Class1692,idTeacher 692,idSubject 92
class1693,Class1693,idTeacher 693,idSubject 93
class1694,Class1694,idTeacher 694,idSubject 94
class1695,Class1695,idTeacher 695,idSubject 95
class1696,Class1696,idTeacher 696,idSubject 96
class1697,Class1697,idTeacher 697,idSubject 97
class1698,Class1698,idTeacher 698,idSubject 98
class1699,Class1699,idTeacher 699,idSubject 99
class1700,Class1700,idTeacher 700,idSubject 100
class1701,Class1701,idTeacher 701,idSubject 101
class1702,Class1702,idTeacher 702,idSubject 102
class1703,Class1703,idTeacher 703,idSubject 103
class1704,Class1704,idTeacher 704,idSubject 104
class1705,Class1705,idTeacher 705,idSubject 105
class1706,Class1706,idTeacher 706,idSubject 106
class1707,Class1707,idTeacher 707,idSubject 107
class1708,Class1708,idTeacher 708,idSubject 108
class1709,Class1709,idTeacher 709,idSubject 109
class1710,Class1710,idTeacher 710,idSubject 110
class1711,Class1711,idTeacher 711,idSubject 111
class1712,Class1712,idTeacher 712,idSubject 112
class1713,Class1713,idTeacher 713,idSubject 113
class1714,Class1714,idTeacher 714,idSubject 114
class1715,Class1715,idTeacher 715,idSubject 115
class1716,Class1716,idTeacher 716,idSubject 116
class1717,Class1717,idTeacher 717,idSubject 117
class1718,Class1718,idTeacher 718,idSubject 118
class1719,Class1719,idTeacher 719,idSubject 119
class1720,Class1720,idTeacher 720,idSubject 120
class1721,Class1721,idTeacher 721,idSubject 121
class1722,Class1722,idTeacher 722,idSubject 122
class1723,Class1723,idTeacher 723,idSubject 123
class1724,Class1724,idTeacher 724,idSubject 124
class1725,Class1725,idTeacher 725,idSubject 125
class1726,Class1726,idTeacher 726,idSubject 126
class1727,Class1727,idTeacher 727,idSubject 127
class1728,Class1728,idTeacher 728,idSubject 128
class1729,Class1729,idTeacher 729,idSubject 129
class1730,Class1730,idTeacher 730,idSubject 130
class1731,Class1731,idTeacher 731,idSubject 131
class1732,Class1732,idTeacher 732,idSubject 132
class1733,Class1733,idTeacher 733,idSubject 133
class1734,Class1734,idTeacher 734,idSubject 134
class1735,Class1735,idTeacher 735,idSubject 135
class1736,Class1736,idTeacher 736,idSubject 136
class1737,Class1737,idTeacher 737,idSubject 137
class1738,Class1738,idTeacher 738,idSubject 138
class1739,Class1739,idTeacher 739,idSubject 139
class1740,Class1740,idTeacher 740,idSubject 140
class1741,Class1741,idTeacher 741,idSubject 141
class1742,Class1742,idTeacher 742,idSubject 142
class1743,Class1743,idTeacher 743,idSubject 143
class1744,Class1744,idTeacher 744,idSubject 144
class1745,Class1745,idTeacher 745,idSubject 145
class1746,Class1746,idTeacher 746,idSubject 146
class1747,Class1747,idTeacher 747,idSubject 147
class1748,Class1748,idTeacher 748,idSubject 148
class1749,Class1749,idTeacher 749,idSubject 149
class1750,Class1750,idTeacher 750,idSubject 150
class1751,Class1751,idTeacher 751,idSubject 151
class1752,Class1752,idTeacher 752,idSubject 152
class1753,Class1753,idTeacher 753,idSubject 153
class1754,Class1754,idTeacher 754,idSubject 154
class1755,Class1755,idTeacher 755,idSubject 155
class1756,Class1756,idTeacher 756,idSubject 156
class1757,Class1757,idTeacher 757,idSubject 157
class1758,Class1758,idTeacher 758,idSubject 158
class1759,Class1759,idTeacher 759,idSubject 159
class1760,Class1760,idTeacher 760,idSubject 160
class1761,Class1761,idTeacher 761,idSubject 161
class1762,Class1762,idTeacher 762,idSubject 162
class1763,Class1763,idTeacher 763,idSubject 163
class1764,Class1764,idTeacher 764,idSubject 164
class1765,Class1765,idTeacher 765,idSubject 165
class1766,Class1766,idTeacher 766,idSubject 166
class1767,Class1767,idTeacher 767,idSubject 167
class1768,Class1768,idTeacher 768,idSubject 168
class1769,Class1769,idTeacher 769,idSubject 169
class1770,Class1770,idTeacher 770,idSubject 170
class1771,Class1771,idTeacher 771,idSubject 171
class1772,Class1772,idTeacher 772,idSubject 172
class1773,Class1773,idTeacher 773,idSubject 173
class1774,Class1774,idTeacher 774,idSubject 174
class1775,Class1775,idTeacher 775,idSubject 175
class1776,Class1776,idTeacher 776,idSubject 176
class1777,Class1777,idTeacher 777,idSubject 177
class1778,Class1778,idTeacher 778,idSubject 178
class1779,Class1779,idTeacher 779,idSubject 179
class1780,Class1780,idTeacher 780,idSubject 180
class1781,Class1781,idTeacher 781,idSubject 181
class1782,Class1782,idTeacher 782,idSubject 182
class1783,Class1783,idTeacher 783,idSubject 183
class1784,Class1784,idTeacher 784,idSubject 184
class1785,Class1785,idTeacher 785,idSubject 185
class1786,Class1786,idTeacher 786,idSubject 186
class1787,Class1787,idTeacher 787,idSubject 187
class1788,Class1788,idTeacher 788,idSubject 188
class1789,Class1789,idTeacher 789,idSubject 189
class1790,Class1790,idTeacher 790,idSubject 190
class1791,Class1791,idTeacher 791,idSubject 191
class1792,Class1792,idTeacher 792,idSubject 192
class1793,Class1793,idTeacher 793,idSubject 193
class1794,Class1794,idTeacher 794,idSubject 194
class1795,Class1795,idTeacher 795,idSubject 195
class1796,Class1796,idTeacher 796,idSubject 196
class1797,Class1797,idTeacher 797,idSubject 197
class1798,Class1798,idTeacher 798,idSubject 198
class1799,Class1799,idTeacher 799,idSubject 199
class1800,Class1800,idTeacher 800,idSubject 0
class1801,Class1801,idTeacher 801,idSubject 1
class1802,Class1802,idTeacher 802,idSubject 2
class1803,Class1803,idTeacher 803,idSubject 3
class1804,Class1804,idTeacher 804,idSubject 4
class1805,Class1805,idTeacher 805,idSubject 5
class1806,Class1806,idTeacher 806,idSubject 6
class1807,Class1807,idTeacher 807,idSubject 7
class1808,Class1808,idTeacher 808,idSubject 8
class1809,Class1809,idTeacher 809,idSubject 9
class1810,Class1810,idTeacher 810,idSubject 10
class1811,Class1811,idTeacher 811,idSubject 11
class1812,Class1812,idTeacher 812,idSubject 12
class1813,Class1813,idTeacher 813,idSubject 13
class1814,Class1814,idTeacher 814,idSubject 14
class1815,Class1815,idTeacher 815,idSubject 15
class1816,Class1816,idTeacher 816,idSubject 16
class1817,Class1817,idTeacher 817,idSubject 17
class1818,Class1818,idTeacher 818,idSubject 18
class1819,Class1819,idTeacher 819,idSubject 19
class1820,Class1820,idTeacher 820,idSubject 20
class1821,Class1821,idTeacher 821,idSubject 21
class1822,Class1822,idTeacher 822,idSubject 22
class1823,Class1823,idTeacher 823,idSubject 23
class1824,Class1824,idTeacher 824,idSubject 24
class1825,Class1825,idTeacher 825,idSubject 25
class1826,Class1826,idTeacher 826,idSubject 26
class1827,Class1827,idTeacher 827,idSubject 27
class1828,Class1828,idTeacher 828,idSubject 28
class1829,Class1829,idTeacher 829,idSubject 29
class1830,Class1830,idTeacher 830,idSubject 30
class1831,Class1831,idTeacher 831,idSubject 31
class1832,Class1832,idTeacher 832,idSubject 32
class1833,Class1833,idTeacher 833,idSubject 33
class1834,Class1834,idTeacher 834,idSubject 34
class1835,Class1835,idTeacher 835,idSubject 35
class1836,Class1836,idTeacher 836,idSubject 36
class1837,Class1837,idTeacher 837,idSubject 37
class1838,Class1838,idTeacher 838,idSubject 38
class1839,Class1839,idTeacher 839,idSubject 39
class1840,Class1840,idTeacher 840,idSubject 40
class1841,Class1841,idTeacher 841,idSubject 41
class1842,Class1842,idTeacher 842,idSubject 42
class1843,Class1843,idTeacher 843,idSubject 43
class1844,Class1844,idTeacher 844,idSubject 44
class1845,Class1845,idTeacher 845,idSubject 45
class1846,Class1846,idTeacher 846,idSubject 46
class1847,Class1847,idTeacher 847,idSubject 47
class1848,Class1848,idTeacher 848,idSubject 48
class1849,Class1849,idTeacher 849,idSubject 49
class1850,Class1850,idTeacher 850,idSubject 50
class1851,Class1851,idTeacher 851,idSubject 51
class1852,Class1852,idTeacher 852,idSubject 52
class1853,Class1853,idTeacher 853,idSubject 53
class1854,Class1854,idTeacher 854,idSubject 54
class1855,Class1855,idTeacher 855,idSubject 55
class1856,Class1856,idTeacher 856,idSubject 56
class1857,Class1857,idTeacher 857,idSubject 57
class1858,Class1858,idTeacher 858,idSubject 58
class1859,Class1859,idTeacher 859,idSubject 59
class1860,Class1860,idTeacher 860,idSubject 60
class1861,Class1861,idTeacher 861,idSubject 61
class1862,Class1862,idTeacher 862,idSubject 62
class1863,Class1863,idTeacher 863,idSubject 63
class1864,Class1864,idTeacher 864,idSubject 64
class1865,Class1865,idTeacher 865,idSubject 65
class1866,Class1866,idTeacher 866,idSubject 66
class1867,Class1867,idTeacher 867,idSubject 67
class1868,Class1868,idTeacher 868,idSubject 68
class1869,Class1869,idTeacher 869,idSubject 69
class1870,Class1870,idTeacher 870,idSubject 70
class1871,Class1871,idTeacher 871,idSubject 71
class1872,Class1872,idTeacher 872,idSubject 72
class1873,Class1873,idTeacher 873,idSubject 73
class1874,Class1874,idTeacher 874,idSubject 74
class1875,Class1875,idTeacher 875,idSubject 75
class1876,Class1876,idTeacher 876,idSubject 76
class1877,Class1877,idTeacher 877,idSubject 77
class1878,Class1878,idTeacher 878,idSubject 78
class1879,Class1879,idTeacher 879,idSubject 79
class1880,Class1880,idTeacher 880,idSubject 80
class1881,Class1881,idTeacher 881,idSubject 81
class1882,Class1882,idTeacher 882,idSubject 82
class1883,Class1883,idTeacher 883,idSubject 83
class1884,Class1884,idTeacher 884,idSubject 84
class1885,Class1885,idTeacher 885,idSubject 85
class1886,Class1886,idTeacher 886,idSubject 86
class1887,Class1887,idTeacher 887,idSubject 87
class1888,Class1888,idTeacher 888,idSubject 88
class1889,Class1889,idTeacher 889,idSubject 89
class1890,Class1890,idTeacher 890,idSubject 90
class1891,Class1891,idTeacher 891,idSubject 91
class1892,Class1892,idTeacher 892,idSubject 92
class1893,Class1893,idTeacher 893,idSubject 93
class1894,Class1894,idTeacher 894,idSubject 94
class1895,Class1895,idTeacher 895,idSubject 95
class1896,Class1896,idTeacher 896,idSubject 96
class1897,Class1897,idTeacher 897,idSubject 97
class1898,Class1898,idTeacher 898,idSubject 98
class1899,Class1899,idTeacher 899,idSubject 99
class1900,Class1900,idTeacher 900,idSubject 100
class1901,Class1901,idTeacher 901,idSubject 101
class1902,Class1902,idTeacher 902,idSubject 102
class1903,Class1903,idTeacher 903,idSubject 103
class1904,Class1904,idTeacher 904,idSubject 104
class1905,Class1905,idTeacher 905,idSubject 105
class1906,Class1906,idTeacher 906,idSubject 106
class1907,Class1907,idTeacher 907,idSubject 107
class1908,Class1908,idTeacher 908,idSubject 108
class1909,Class1909,idTeacher 909,idSubject 109
class1910,Class1910,idTeacher 910,idSubject 110
class1911,Class1911,idTeacher 911,idSubject 111
class1912,Class1912,idTeacher 912,idSubject 112
class1913,Class1913,idTeacher 913,idSubject 113
class1914,Class1914,idTeacher 914,idSubject 114
class1915,Class1915,idTeacher 915,idSubject 115
class1916,Class1916,idTeacher 916,idSubject 116
class1917,Class1917,idTeacher 917,idSubject 117
class1918,Class1918,idTeacher 918,idSubject 118
class1919,Class1919,idTeacher 919,idSubject 119
class1920,Class1920,idTeacher 920,idSubject 120
class1921,Class1921,idTeacher 921,idSubject 121
class1922,Class1922,idTeacher 922,idSubject 122
class1923,Class1923,idTeacher 923,idSubject 123
class1924,Class1924,idTeacher 924,idSubject 124
class1925,Class1925,idTeacher 925,idSubject 125
class1926,Class1926,idTeacher 926,idSubject 126
class1927,Class1927,idTeacher 927,idSubject 127
class1928,Class1928,idTeacher 928,idSubject 128
class1929,Class1929,idTeacher 929,idSubject 129
class1930,Class1930,idTeacher 930,idSubject 130
class1931,Class1931,idTeacher 931,idSubject 131
class1932,Class1932,idTeacher 932,idSubject 132
class1933,Class1933,idTeacher 933,idSubject 133
class1934,Class1934,idTeacher 934,idSubject 134
class1935,Class1935,idTeacher 935,idSubject 135
class1936,Class1936,idTeacher 936,idSubject 136
class1937,Class1937,idTeacher 937,idSubject 137
class1938,Class1938,idTeacher 938,idSubject 138
class1939,Class1939,idTeacher 939,idSubject 139
class1940,Class1940,idTeacher 940,idSubject 140
class1941,Class1941,idTeacher 941,idSubject 141
class1942,Class1942,idTeacher 942,idSubject 142
class1943,Class1943,idTeacher 943,idSubject 143
class1944,Class1944,idTeacher 944,idSubject 144
class1945,Class1945,idTeacher 945,idSubject 145
class1946,Class1946,idTeacher 946,idSubject 146
class1947,Class1947,idTeacher 947,idSubject 147
class1948,Class1948,idTeacher 948,idSubject 148
class1949,Class1949,idTeacher 949,idSubject 149
class1950,Class1950,idTeacher 950,idSubject 150
class1951,Class1951,idTeacher 951,idSubject 151
class1952,Class1952,idTeacher 952,idSubject 152
class1953,Class1953,idTeacher 953,idSubject 153
class1954,Class1954,idTeacher 954,idSubject 154
class1955,Class1955,idTeacher 955,idSubject 155
class1956,Class1956,idTeacher 956,idSubject 156
class1957,Class1957,idTeacher 957,idSubject 157
class1958,Class1958,idTeacher 958,idSubject 158
class1959,Class1959,idTeacher 959,idSubject 159
class1960,Class1960,idTeacher 960,idSubject 160
class1961,Class1961,idTeacher 961,idSubject 161
class1962,Class1962,idTeacher 962,idSubject 162
class1963,Class1963,idTeacher 963,idSubject 163
class1964,Class1964,idTeacher 964,idSubject 164
class1965,Class1965,idTeacher 965,idSubject 165
class1966,Class1966,idTeacher 966,idSubject 166
class1967,Class1967,idTeacher 967,idSubject 167
class1968,Class1968,idTeacher 968,idSubject 168
class1969,Class1969,idTeacher 969,idSubject 169
class1970,Class1970,idTeacher 970,idSubject 170
class1971,Class1971,idTeacher 971,idSubject 171
class1972,Class1972,idTeacher 972,idSubject 172
class1973,Class1973,idTeacher 973,idSubject 173
class1974,Class1974,idTeacher 974,idSubject 174
class1975,Class1975,idTeacher 975,idSubject 175
class1976,Class1976,idTeacher 976,idSubject 176
class1977,Class1977,idTeacher 977,idSubject 177
class1978,Class1978,idTeacher 978,idSubject 178
class1979,Class1979,idTeacher 979,idSubject 179
class1980,Class1980,idTeacher 980,idSubject 180
class1981,Class1981,idTeacher 981,idSubject 181
class1982,Class1982,idTeacher 982,idSubject 182
class1983,Class1983,idTeacher 983,idSubject 183
class1984,Class1984,idTeacher 984,idSubject 184
class1985,Class1985,idTeacher 985,idSubject 185
class1986,Class1986,idTeacher 986,idSubject 186
class1987,Class1987,idTeacher 987,idSubject 187
class1988,Class1988,idTeacher 988,idSubject 188
class1989,Class1989,idTeacher 989,idSubject 189
class1990,Class1990,idTeacher 990,idSubject 190
class1991,Class1991,idTeacher 991,idSubject 191
class1992,Class1992,idTeacher 992,idSubject 192
class1993,Class1993,idTeacher 993,idSubject 193
class1994,Class1994,idTeacher 994,idSubject 194
class1995,Class1995,idTeacher 995,idSubject 195
class1996,Class1996,idTeacher 996,idSubject 196
class1997,Class1997,idTeacher 997,idSubject 197
class1998,Class1998,idTeacher 998,idSubject 198
class1999,Class1999,idTeacher 999,idSubject 199
