idSubject,nameSubject
idSubject 0,Subject 0
idSubject 1,Subject 1
idSubject 2,Subject 2
idSubject 3,Subject 3
idSubject 4,Subject 4
idSubject 5,Subject 5
idSubject 6,Subject 6
idSubject 7,Subject 7
idSubject 8,Subject 8
idSubject 9,Subject 9
idSubject 10,Subject 10
idSubject 11,Subject 11
idSubject 12,Subject 12
idSubject 13,Subject 13
idSubject 14,Subject 14
idSubject 15,Subject 15
idSubject 16,Subject 16
idSubject 17,Subject 17
idSubject 18,Subject 18
idSubject 19,Subject 19
idSubject 20,Subject 20
idSubject 21,Subject 21
idSubject 22,Subject 22
idSubject 23,Subject 23
idSubject 24,Subject 24
idSubject 25,Subject 25
idSubject 26,Subject 26
idSubject 27,Subject 27
idSubject 28,Subject 28
idSubject 29,Subject 29
idSubject 30,Subject 30
idSubject 31,Subject 31
idSubject 32,Subject 32
idSubject 33,Subject 33
idSubject 34,Subject 34
idSubject 35,Subject 35
idSubject 36,Subject 36
idSubject 37,Subject 37
idSubject 38,Subject 38
idSubject 39,Subject 39
idSubject 40,Subject 40
idSubject 41,Subject 41
idSubject 42,Subject 42
idSubject 43,Subject 43
idSubject 44,Subject 44
idSubject 45,Subject 45
idSubject 46,Subject 46
idSubject 47,Subject 47
idSubject 48,Subject 48
idSubject 49,Subject 49
idSubject 50,Subject 50
idSubject 51,Subject 51
idSubject 52,Subject 52
idSubject 53,Subject 53
idSubject 54,Subject 54
idSubject 55,Subject 55
idSubject 56,Subject 56
idSubject 57,Subject 57
idSubject 58,Subject 58
idSubject 59,Subject 59
idSubject 60,Subject 60
idSubject 61,Subject 61
idSubject 62,Subject 62
idSubject 63,Subject 63
idSubject 64,Subject 64
idSubject 65,Subject 65
idSubject 66,Subject 66
idSubject 67,Subject 67
idSubject 68,Subject 68
idSubject 69,Subject 69
idSubject 70,Subject 70
idSubject 71,Subject 71
idSubject 72,Subject 72
idSubject 73,Subject 73
idSubject 74,Subject 74
idSubject 75,Subject 75
idSubject 76,Subject 76
idSubject 77,Subject 77
idSubject 78,Subject 78
idSubject 79,Subject 79
idSubject 80,Subject 80
idSubject 81,Subject 81
idSubject 82,Subject 82
idSubject 83,Subject 83
idSubject 84,Subject 84
idSubject 85,Subject 85
idSubject 86,Subject 86
idSubject 87,Subject 87
idSubject 88,Subject 88
idSubject 89,Subject 89
idSubject 90,Subject 90
idSubject 91,Subject 91
idSubject 92,Subject 92
idSubject 93,Subject 93
idSubject 94,Subject 94
idSubject 95,Subject 95
idSubject 96,Subject 96
idSubject 97,Subject 97
idSubject 98,Subject 98
idSubject 99,Subject 99
idSubject 100,Subject 100
idSubject 101,Subject 101
idSubject 102,Subject 102
idSubject 103,Subject 103
idSubject 104,Subject 104
idSubject 105,Subject 105
idSubject 106,Subject 106
idSubject 107,Subject 107
idSubject 108,Subject 108
idSubject 109,Subject 109
idSubject 110,Subject 110
idSubject 111,Subject 111
idSubject 112,Subject 112
idSubject 113,Subject 113
idSubject 114,Subject 114
idSubject 115,Subject 115
idSubject 116,Subject 116
idSubject 117,Subject 117
idSubject 118,Subject 118
idSubject 119,Subject 119
idSubject 120,Subject 120
idSubject 121,Subject 121
idSubject 122,Subject 122
idSubject 123,Subject 123
idSubject 124,Subject 124
idSubject 125,Subject 125
idSubject 126,Subject 126
idSubject 127,Subject 127
idSubject 128,Subject 128
idSubject 129,Subject 129
idSubject 130,Subject 130
idSubject 131,Subject 131
idSubject 132,Subject 132
idSubject 133,Subject 133
idSubject 134,Subject 134
idSubject 135,Subject 135
idSubject 136,Subject 136
idSubject 137,Subject 137
idSubject 138,Subject 138
idSubject 139,Subject 139
idSubject 140,Subject 140
idSubject 141,Subject 141
idSubject 142,Subject 142
idSubject 143,Subject 143
idSubject 144,Subject 144
idSubject 145,Subject 145
idSubject 146,Subject 146
idSubject 147,Subject 147
idSubject 148,Subject 148
idSubject 149,Subject 149
idSubject 150,Subject 150
idSubject 151,Subject 151
idSubject 152,Subject 152
idSubject 153,Subject 153
idSubject 154,Subject 154
idSubject 155,Subject 155
idSubject 156,Subject 156
idSubject 157,Subject 157
idSubject 158,Subject 158
idSubject 159,Subject 159
idSubject 160,Subject 160
idSubject 161,Subject 161
idSubject 162,Subject 162
idSubject 163,Subject 163
idSubject 164,Subject 164
idSubject 165,Subject 165
idSubject 166,Subject 166
idSubject 167,Subject 167
idSubject 168,Subject 168
idSubject 169,Subject 169
idSubject 170,Subject 170
idSubject 171,Subject 171
idSubject 172,Subject 172
idSubject 173,Subject 173
idSubject 174,Subject 174
idSubject 175,Subject 175
idSubject 176,Subject 176
idSubject 177,Subject 177
idSubject 178,Subject 178
idSubject 179,Subject 179
idSubject 180,Subject 180
idSubject 181,Subject 181
idSubject 182,Subject 182
idSubject 183,Subject 183
idSubject 184,Subject 184
idSubject 185,Subject 185
idSubject 186,Subject 186
idSubject 187,Subject 187
idSubject 188,Subject 188
idSubject 189,Subject 189
idSubject 190,Subject 190
idSubject 191,Subject 191
idSubject 192,Subject 192
idSubject 193,Subject 193
idSubject 194,Subject 194
idSubject 195,Subject 195
idSubject 196,Subject 196
idSubject 197,Subject 197
idSubject 198,Subject 198
idSubject 199,Subject 199
