idTeacher,nameTeacher,idSubject
idTeacher 0,Teacher 0,idSubject 0
idTeacher 1,Teacher 1,idSubject 1
idTeacher 2,Teacher 2,idSubject 2
idTeacher 3,Teacher 3,idSubject 3
idTeacher 4,Teacher 4,idSubject 4
idTeacher 5,Teacher 5,idSubject 5
idTeacher 6,Teacher 6,idSubject 6
idTeacher 7,Teacher 7,idSubject 7
idTeacher 8,Teacher 8,idSubject 8
idTeacher 9,Teacher 9,idSubject 9
idTeacher 10,Teacher 10,idSubject 10
idTeacher 11,Teacher 11,idSubject 11
idTeacher 12,Teacher 12,idSubject 12
idTeacher 13,Teacher 13,idSubject 13
idTeacher 14,Teacher 14,idSubject 14
idTeacher 15,Teacher 15,idSubject 15
idTeacher 16,Teacher 16,idSubject 16
idTeacher 17,Teacher 17,idSubject 17
idTeacher 18,Teacher 18,idSubject 18
idTeacher 19,Teacher 19,idSubject 19
idTeacher 20,Teacher 20,idSubject 20
idTeacher 21,Teacher 21,idSubject 21
idTeacher 22,Teacher 22,idSubject 22
idTeacher 23,Teacher 23,idSubject 23
idTeacher 24,Teacher 24,idSubject 24
idTeacher 25,Teacher 25,idSubject 25
idTeacher 26,Teacher 26,idSubject 26
idTeacher 27,Teacher 27,idSubject 27
idTeacher 28,Teacher 28,idSubject 28
idTeacher 29,Teacher 29,idSubject 29
idTeacher 30,Teacher 30,idSubject 30
idTeacher 31,Teacher 31,idSubject 31
idTeacher 32,Teacher 32,idSubject 32
idTeacher 33,Teacher 33,idSubject 33
idTeacher 34,Teacher 34,idSubject 34
idTeacher 35,Teacher 35,idSubject 35
idTeacher 36,Teacher 36,idSubject 36
idTeacher 37,Teacher 37,idSubject 37
idTeacher 38,Teacher 38,idSubject 38
idTeacher 39,Teacher 39,idSubject 39
idTeacher 40,Teacher 40,idSubject 40
idTeacher 41,Teacher 41,idSubject 41
idTeacher 42,Teacher 42,idSubject 42
idTeacher 43,Teacher 43,idSubject 43
idTeacher 44,Teacher 44,idSubject 44
idTeacher 45,Teacher 45,idSubject 45
idTeacher 46,Teacher 46,idSubject 46
idTeacher 47,Teacher 47,idSubject 47
idTeacher 48,Teacher 48,idSubject 48
idTeacher 49,Teacher 49,idSubject 49
idTeacher 50,Teacher 50,idSubject 50
idTeacher 51,Teacher 51,idSubject 51
idTeacher 52,Teacher 52,idSubject 52
idTeacher 53,Teacher 53,idSubject 53
idTeacher 54,Teacher 54,idSubject 54
idTeacher 55,Teacher 55,idSubject 55
idTeacher 56,Teacher 56,idSubject 56
idTeacher 57,Teacher 57,idSubject 57
idTeacher 58,Teacher 58,idSubject 58
idTeacher 59,Teacher 59,idSubject 59
idTeacher 60,Teacher 60,idSubject 60
idTeacher 61,Teacher 61,idSubject 61
idTeacher 62,Teacher 62,idSubject 62
idTeacher 63,Teacher 63,idSubject 63
idTeacher 64,Teacher 64,idSubject 64
idTeacher 65,Teacher 65,idSubject 65
idTeacher 66,Teacher 66,idSubject 66
idTeacher 67,Teacher 67,idSubject 67
idTeacher 68,Teacher 68,idSubject 68
idTeacher 69,Teacher 69,idSubject 69
idTeacher 70,Teacher 70,idSubject 70
idTeacher 71,Teacher 71,idSubject 71
idTeacher 72,Teacher 72,idSubject 72
idTeacher 73,Teacher 73,idSubject 73
idTeacher 74,Teacher 74,idSubject 74
idTeacher 75,Teacher 75,idSubject 75
idTeacher 76,Teacher 76,idSubject 76
idTeacher 77,Teacher 77,idSubject 77
idTeacher 78,Teacher 78,idSubject 78
idTeacher 79,Teacher 79,idSubject 79
idTeacher 80,Teacher 80,idSubject 80
idTeacher 81,Teacher 81,idSubject 81
idTeacher 82,Teacher 82,idSubject 82
idTeacher 83,Teacher 83,idSubject 83
idTeacher 84,Teacher 84,idSubject 84
idTeacher 85,Teacher 85,idSubject 85
idTeacher 86,Teacher 86,idSubject 86
idTeacher 87,Teacher 87,idSubject 87
idTeacher 88,Teacher 88,idSubject 88
idTeacher 89,Teacher 89,idSubject 89
idTeacher 90,Teacher 90,idSubject 90
idTeacher 91,Teacher 91,idSubject 91
idTeacher 92,Teacher 92,idSubject 92
idTeacher 93,Teacher 93,idSubject 93
idTeacher 94,Teacher 94,idSubject 94
idTeacher 95,Teacher 95,idSubject 95
idTeacher 96,Teacher 96,idSubject 96
idTeacher 97,Teacher 97,idSubject 97
idTeacher 98,Teacher 98,idSubject 98
idTeacher 99,Teacher 99,idSubject 99
idTeacher 100,Teacher 100,idSubject 100
idTeacher 101,Teacher 101,idSubject 101
idTeacher 102,Teacher 102,idSubject 102
idTeacher 103,Teacher 103,idSubject 103
idTeacher 104,Teacher 104,idSubject 104
idTeacher 105,Teacher 105,idSubject 105
idTeacher 106,Teacher 106,idSubject 106
idTeacher 107,Teacher 107,idSubject 107
idTeacher 108,Teacher 108,idSubject 108
idTeacher 109,Teacher 109,idSubject 109
idTeacher 110,Teacher 110,idSubject 110
idTeacher 111,Teacher 111,idSubject 111
idTeacher 112,Teacher 112,idSubject 112
idTeacher 113,Teacher 113,idSubject 113
idTeacher 114,Teacher 114,idSubject 114
idTeacher 115,Teacher 115,idSubject 115
idTeacher 116,Teacher 116,idSubject 116
idTeacher 117,Teacher 117,idSubject 117
idTeacher 118,Teacher 118,idSubject 118
idTeacher 119,Teacher 119,idSubject 119
idTeacher 120,Teacher 120,idSubject 120
idTeacher 121,Teacher 121,idSubject 121
idTeacher 122,Teacher 122,idSubject 122
idTeacher 123,Teacher 123,idSubject 123
idTeacher 124,Teacher 124,idSubject 124
idTeacher 125,Teacher 125,idSubject 125
idTeacher 126,Teacher 126,idSubject 126
idTeacher 127,Teacher 127,idSubject 127
idTeacher 128,Teacher 128,idSubject 128
idTeacher 129,Teacher 129,idSubject 129
idTeacher 130,Teacher 130,idSubject 130
idTeacher 131,Teacher 131,idSubject 131
idTeacher 132,Teacher 132,idSubject 132
idTeacher 133,Teacher 133,idSubject 133
idTeacher 134,Teacher 134,idSubject 134
idTeacher 135,Teacher 135,idSubject 135
idTeacher 136,Teacher 136,idSubject 136
idTeacher 137,Teacher 137,idSubject 137
idTeacher 138,Teacher 138,idSubject 138
idTeacher 139,Teacher 139,idSubject 139
idTeacher 140,Teacher 140,idSubject 140
idTeacher 141,Teacher 141,idSubject 141
idTeacher 142,Teacher 142,idSubject 142
idTeacher 143,Teacher 143,idSubject 143
idTeacher 144,Teacher 144,idSubject 144
idTeacher 145,Teacher 145,idSubject 145
idTeacher 146,Teacher 146,idSubject 146
idTeacher 147,Teacher 147,idSubject 147
idTeacher 148,Teacher 148,idSubject 148
idTeacher 149,Teacher 149,idSubject 149
idTeacher 150,Teacher 150,idSubject 150
idTeacher 151,Teacher 151,idSubject 151
idTeacher 152,Teacher 152,idSubject 152
idTeacher 153,Teacher 153,idSubject 153
idTeacher 154,Teacher 154,idSubject 154
idTeacher 155,Teacher 155,idSubject 155
idTeacher 156,Teacher 156,idSubject 156
idTeacher 157,Teacher 157,idSubject 157
idTeacher 158,Teacher 158,idSubject 158
idTeacher 159,Teacher 159,idSubject 159
idTeacher 160,Teacher 160,idSubject 160
idTeacher 161,Teacher 161,idSubject 161
idTeacher 162,Teacher 162,idSubject 162
idTeacher 163,Teacher 163,idSubject 163
idTeacher 164,Teacher 164,idSubject 164
idTeacher 165,Teacher 165,idSubject 165
idTeacher 166,Teacher 166,idSubject 166
idTeacher 167,Teacher 167,idSubject 167
idTeacher 168,Teacher 168,idSubject 168
idTeacher 169,Teacher 169,idSubject 169
idTeacher 170,Teacher 170,idSubject 170
idTeacher 171,Teacher 171,idSubject 171
idTeacher 172,Teacher 172,idSubject 172
idTeacher 173,Teacher 173,idSubject 173
idTeacher 174,Teacher 174,idSubject 174
idTeacher 175,Teacher 175,idSubject 175
idTeacher 176,Teacher 176,idSubject 176
idTeacher 177,Teacher 177,idSubject 177
idTeacher 178,Teacher 178,idSubject 178
idTeacher 179,Teacher 179,idSubject 179
idTeacher 180,Teacher 180,idSubject 180
idTeacher 181,Teacher 181,idSubject 181
idTeacher 182,Teacher 182,idSubject 182
idTeacher 183,Teacher 183,idSubject 183
idTeacher 184,Teacher 184,idSubject 184
idTeacher 185,Teacher 185,idSubject 185
idTeacher 186,Teacher 186,idSubject 186
idTeacher 187,Teacher 187,idSubject 187
idTeacher 188,Teacher 188,idSubject 188
idTeacher 189,Teacher 189,idSubject 189
idTeacher 190,Teacher 190,idSubject 190
idTeacher 191,Teacher 191,idSubject 191
idTeacher 192,Teacher 192,idSubject 192
idTeacher 193,Teacher 193,idSubject 193
idTeacher 194,Teacher 194,idSubject 194
idTeacher 195,Teacher 195,idSubject 195
idTeacher 196,Teacher 196,idSubject 196
idTeacher 197,Teacher 197,idSubject 197
idTeacher 198,Teacher 198,idSubject 198
idTeacher 199,Teacher 199,idSubject 199
idTeacher 200,Teacher 200,idSubject 0
idTeacher 201,Teacher 201,idSubject 1
idTeacher 202,Teacher 202,idSubject 2
idTeacher 203,Teacher 203,idSubject 3
idTeacher 204,Teacher 204,idSubject 4
idTeacher 205,Teacher 205,idSubject 5
idTeacher 206,Teacher 206,idSubject 6
idTeacher 207,Teacher 207,idSubject 7
idTeacher 208,Teacher 208,idSubject 8
idTeacher 209,Teacher 209,idSubject 9
idTeacher 210,Teacher 210,idSubject 10
idTeacher 211,Teacher 211,idSubject 11
idTeacher 212,Teacher 212,idSubject 12
idTeacher 213,Teacher 213,idSubject 13
idTeacher 214,Teacher 214,idSubject 14
idTeacher 215,Teacher 215,idSubject 15
idTeacher 216,Teacher 216,idSubject 16
idTeacher 217,Teacher 217,idSubject 17
idTeacher 218,Teacher 218,idSubject 18
idTeacher 219,Teacher 219,idSubject 19
idTeacher 220,Teacher 220,idSubject 20
idTeacher 221,Teacher 221,idSubject 21
idTeacher 222,Teacher 222,idSubject 22
idTeacher 223,Teacher 223,idSubject 23
idTeacher 224,Teacher 224,idSubject 24
idTeacher 225,Teacher 225,idSubject 25
idTeacher 226,Teacher 226,idSubject 26
idTeacher 227,Teacher 227,idSubject 27
idTeacher 228,Teacher 228,idSubject 28
idTeacher 229,Teacher 229,idSubject 29
idTeacher 230,Teacher 230,idSubject 30
idTeacher 231,Teacher 231,idSubject 31
idTeacher 232,Teacher 232,idSubject 32
idTeacher 233,Teacher 233,idSubject 33
idTeacher 234,Teacher 234,idSubject 34
idTeacher 235,Teacher 235,idSubject 35
idTeacher 236,Teacher 236,idSubject 36
idTeacher 237,Teacher 237,idSubject 37
idTeacher 238,Teacher 238,idSubject 38
idTeacher 239,Teacher 239,idSubject 39
idTeacher 240,Teacher 240,idSubject 40
idTeacher 241,Teacher 241,idSubject 41
idTeacher 242,Teacher 242,idSubject 42
idTeacher 243,Teacher 243,idSubject 43
idTeacher 244,Teacher 244,idSubject 44
idTeacher 245,Teacher 245,idSubject 45
idTeacher 246,Teacher 246,idSubject 46
idTeacher 247,Teacher 247,idSubject 47
idTeacher 248,Teacher 248,idSubject 48
idTeacher 249,Teacher 249,idSubject 49
idTeacher 250,Teacher 250,idSubject 50
idTeacher 251,Teacher 251,idSubject 51
idTeacher 252,Teacher 252,idSubject 52
idTeacher 253,Teacher 253,idSubject 53
idTeacher 254,Teacher 254,idSubject 54
idTeacher 255,Teacher 255,idSubject 55
idTeacher 256,Teacher 256,idSubject 56
idTeacher 257,Teacher 257,idSubject 57
idTeacher 258,Teacher 258,idSubject 58
idTeacher 259,Teacher 259,idSubject 59
idTeacher 260,Teacher 260,idSubject 60
idTeacher 261,Teacher 261,idSubject 61
idTeacher 262,Teacher 262,idSubject 62
idTeacher 263,Teacher 263,idSubject 63
idTeacher 264,Teacher 264,idSubject 64
idTeacher 265,Teacher 265,idSubject 65
idTeacher 266,Teacher 266,idSubject 66
idTeacher 267,Teacher 267,idSubject 67
idTeacher 268,Teacher 268,idSubject 68
idTeacher 269,Teacher 269,idSubject 69
idTeacher 270,Teacher 270,idSubject 70
idTeacher 271,Teacher 271,idSubject 71
idTeacher 272,Teacher 272,idSubject 72
idTeacher 273,Teacher 273,idSubject 73
idTeacher 274,Teacher 274,idSubject 74
idTeacher 275,Teacher 275,idSubject 75
idTeacher 276,Teacher 276,idSubject 76
idTeacher 277,Teacher 277,idSubject 77
idTeacher 278,Teacher 278,idSubject 78
idTeacher 279,Teacher 279,idSubject 79
idTeacher 280,Teacher 280,idSubject 80
idTeacher 281,Teacher 281,idSubject 81
idTeacher 282,Teacher 282,idSubject 82
idTeacher 283,Teacher 283,idSubject 83
idTeacher 284,Teacher 284,idSubject 84
idTeacher 285,Teacher 285,idSubject 85
idTeacher 286,Teacher 286,idSubject 86
idTeacher 287,Teacher 287,idSubject 87
idTeacher 288,Teacher 288,idSubject 88
idTeacher 289,Teacher 289,idSubject 89
idTeacher 290,Teacher 290,idSubject 90
idTeacher 291,Teacher 291,idSubject 91
idTeacher 292,Teacher 292,idSubject 92
idTeacher 293,Teacher 293,idSubject 93
idTeacher 294,Teacher 294,idSubject 94
idTeacher 295,Teacher 295,idSubject 95
idTeacher 296,Teacher 296,idSubject 96
idTeacher 297,Teacher 297,idSubject 97
idTeacher 298,Teacher 298,idSubject 98
idTeacher 299,Teacher 299,idSubject 99
idTeacher 300,Teacher 300,idSubject 100
idTeacher 301,Teacher 301,idSubject 101
idTeacher 302,Teacher 302,idSubject 102
idTeacher 303,Teacher 303,idSubject 103
idTeacher 304,Teacher 304,idSubject 104
idTeacher 305,Teacher 305,idSubject 105
idTeacher 306,Teacher 306,idSubject 106
idTeacher 307,Teacher 307,idSubject 107
idTeacher 308,Teacher 308,idSubject 108
idTeacher 309,Teacher 309,idSubject 109
idTeacher 310,Teacher 310,idSubject 110
idTeacher 311,Teacher 311,idSubject 111
idTeacher 312,Teacher 312,idSubject 112
idTeacher 313,Teacher 313,idSubject 113
idTeacher 314,Teacher 314,idSubject 114
idTeacher 315,Teacher 315,idSubject 115
idTeacher 316,Teacher 316,idSubject 116
idTeacher 317,Teacher 317,idSubject 117
idTeacher 318,Teacher 318,idSubject 118
idTeacher 319,Teacher 319,idSubject 119
idTeacher 320,Teacher 320,idSubject 120
idTeacher 321,Teacher 321,idSubject 121
idTeacher 322,Teacher 322,idSubject 122
idTeacher 323,Teacher 323,idSubject 123
idTeacher 324,Teacher 324,idSubject 124
idTeacher 325,Teacher 325,idSubject 125
idTeacher 326,Teacher 326,idSubject 126
idTeacher 327,Teacher 327,idSubject 127
idTeacher 328,Teacher 328,idSubject 128
idTeacher 329,Teacher 329,idSubject 129
idTeacher 330,Teacher 330,idSubject 130
idTeacher 331,Teacher 331,idSubject 131
idTeacher 332,Teacher 332,idSubject 132
idTeacher 333,Teacher 333,idSubject 133
idTeacher 334,Teacher 334,idSubject 134
idTeacher 335,Teacher 335,idSubject 135
idTeacher 336,Teacher 336,idSubject 136
idTeacher 337,Teacher 337,idSubject 137
idTeacher 338,Teacher 338,idSubject 138
idTeacher 339,Teacher 339,idSubject 139
idTeacher 340,Teacher 340,idSubject 140
idTeacher 341,Teacher 341,idSubject 141
idTeacher 342,Teacher 342,idSubject 142
idTeacher 343,Teacher 343,idSubject 143
idTeacher 344,Teacher 344,idSubject 144
idTeacher 345,Teacher 345,idSubject 145
idTeacher 346,Teacher 346,idSubject 146
idTeacher 347,Teacher 347,idSubject 147
idTeacher 348,Teacher 348,idSubject 148
idTeacher 349,Teacher 349,idSubject 149
idTeacher 350,Teacher 350,idSubject 150
idTeacher 351,Teacher 351,idSubject 151
idTeacher 352,Teacher 352,idSubject 152
idTeacher 353,Teacher 353,idSubject 153
idTeacher 354,Teacher 354,idSubject 154
idTeacher 355,Teacher 355,idSubject 155
idTeacher 356,Teacher 356,idSubject 156
idTeacher 357,Teacher 357,idSubject 157
idTeacher 358,Teacher 358,idSubject 158
idTeacher 359,Teacher 359,idSubject 159
idTeacher 360,Teacher 360,idSubject 160
idTeacher 361,Teacher 361,idSubject 161
idTeacher 362,Teacher 362,idSubject 162
idTeacher 363,Teacher 363,idSubject 163
idTeacher 364,Teacher 364,idSubject 164
idTeacher 365,Teacher 365,idSubject 165
idTeacher 366,Teacher 366,idSubject 166
idTeacher 367,Teacher 367,idSubject 167
idTeacher 368,Teacher 368,idSubject 168
idTeacher 369,Teacher 369,idSubject 169
idTeacher 370,Teacher 370,idSubject 170
idTeacher 371,Teacher 371,idSubject 171
idTeacher 372,Teacher 372,idSubject 172
idTeacher 373,Teacher 373,idSubject 173
idTeacher 374,Teacher 374,idSubject 174
idTeacher 375,Teacher 375,idSubject 175
idTeacher 376,Teacher 376,idSubject 176
idTeacher 377,Teacher 377,idSubject 177
idTeacher 378,Teacher 378,idSubject 178
idTeacher 379,Teacher 379,idSubject 179
idTeacher 380,Teacher 380,idSubject 180
idTeacher 381,Teacher 381,idSubject 181
idTeacher 382,Teacher 382,idSubject 182
idTeacher 383,Teacher 383,idSubject 183
idTeacher 384,Teacher 384,idSubject 184
idTeacher 385,Teacher 385,idSubject 185
idTeacher 386,Teacher 386,idSubject 186
idTeacher 387,Teacher 387,idSubject 187
idTeacher 388,Teacher 388,idSubject 188
idTeacher 389,Teacher 389,idSubject 189
idTeacher 390,Teacher 390,idSubject 190
idTeacher 391,Teacher 391,idSubject 191
idTeacher 392,Teacher 392,idSubject 192
idTeacher 393,Teacher 393,idSubject 193
idTeacher 394,Teacher 394,idSubject 194
idTeacher 395,Teacher 395,idSubject 195
idTeacher 396,Teacher 396,idSubject 196
idTeacher 397,Teacher 397,idSubject 197
idTeacher 398,Teacher 398,idSubject 198
idTeacher 399,Teacher 399,idSubject 199
idTeacher 400,Teacher 400,idSubject 0
idTeacher 401,Teacher 401,idSubject 1
idTeacher 402,Teacher 402,idSubject 2
idTeacher 403,Teacher 403,idSubject 3
idTeacher 404,Teacher 404,idSubject 4
idTeacher 405,Teacher 405,idSubject 5
idTeacher 406,Teacher 406,idSubject 6
idTeacher 407,Teacher 407,idSubject 7
idTeacher 408,Teacher 408,idSubject 8
idTeacher 409,Teacher 409,idSubject 9
idTeacher 410,Teacher 410,idSubject 10
idTeacher 411,Teacher 411,idSubject 11
idTeacher 412,Teacher 412,idSubject 12
idTeacher 413,Teacher 413,idSubject 13
idTeacher 414,Teacher 414,idSubject 14
idTeacher 415,Teacher 415,idSubject 15
idTeacher 416,Teacher 416,idSubject 16
idTeacher 417,Teacher 417,idSubject 17
idTeacher 418,Teacher 418,idSubject 18
idTeacher 419,Teacher 419,idSubject 19
idTeacher 420,Teacher 420,idSubject 20
idTeacher 421,Teacher 421,idSubject 21
idTeacher 422,Teacher 422,idSubject 22
idTeacher 423,Teacher 423,idSubject 23
idTeacher 424,Teacher 424,idSubject 24
idTeacher 425,Teacher 425,idSubject 25
idTeacher 426,Teacher 426,idSubject 26
idTeacher 427,Teacher 427,idSubject 27
idTeacher 428,Teacher 428,idSubject 28
idTeacher 429,Teacher 429,idSubject 29
idTeacher 430,Teacher 430,idSubject 30
idTeacher 431,Teacher 431,idSubject 31
idTeacher 432,Teacher 432,idSubject 32
idTeacher 433,Teacher 433,idSubject 33
idTeacher 434,Teacher 434,idSubject 34
idTeacher 435,Teacher 435,idSubject 35
idTeacher 436,Teacher 436,idSubject 36
idTeacher 437,Teacher 437,idSubject 37
idTeacher 438,Teacher 438,idSubject 38
idTeacher 439,Teacher 439,idSubject 39
idTeacher 440,Teacher 440,idSubject 40
idTeacher 441,Teacher 441,idSubject 41
idTeacher 442,Teacher 442,idSubject 42
idTeacher 443,Teacher 443,idSubject 43
idTeacher 444,Teacher 444,idSubject 44
idTeacher 445,Teacher 445,idSubject 45
idTeacher 446,Teacher 446,idSubject 46
idTeacher 447,Teacher 447,idSubject 47
idTeacher 448,Teacher 448,idSubject 48
idTeacher 449,Teacher 449,idSubject 49
idTeacher 450,Teacher 450,idSubject 50
idTeacher 451,Teacher 451,idSubject 51
idTeacher 452,Teacher 452,idSubject 52
idTeacher 453,Teacher 453,idSubject 53
idTeacher 454,Teacher 454,idSubject 54
idTeacher 455,Teacher 455,idSubject 55
idTeacher 456,Teacher 456,idSubject 56
idTeacher 457,Teacher 457,idSubject 57
idTeacher 458,Teacher 458,idSubject 58
idTeacher 459,Teacher 459,idSubject 59
idTeacher 460,Teacher 460,idSubject 60
idTeacher 461,Teacher 461,idSubject 61
idTeacher 462,Teacher 462,idSubject 62
idTeacher 463,Teacher 463,idSubject 63
idTeacher 464,Teacher 464,idSubject 64
idTeacher 465,Teacher 465,idSubject 65
idTeacher 466,Teacher 466,idSubject 66
idTeacher 467,Teacher 467,idSubject 67
idTeacher 468,Teacher 468,idSubject 68
idTeacher 469,Teacher 469,idSubject 69
idTeacher 470,Teacher 470,idSubject 70
idTeacher 471,Teacher 471,idSubject 71
idTeacher 472,Teacher 472,idSubject 72
idTeacher 473,Teacher 473,idSubject 73
idTeacher 474,Teacher 474,idSubject 74
idTeacher 475,Teacher 475,idSubject 75
idTeacher 476,Teacher 476,idSubject 76
idTeacher 477,Teacher 477,idSubject 77
idTeacher 478,Teacher 478,idSubject 78
idTeacher 479,Teacher 479,idSubject 79
idTeacher 480,Teacher 480,idSubject 80
idTeacher 481,Teacher 481,idSubject 81
idTeacher 482,Teacher 482,idSubject 82
idTeacher 483,Teacher 483,idSubject 83
idTeacher 484,Teacher 484,idSubject 84
idTeacher 485,Teacher 485,idSubject 85
idTeacher 486,Teacher 486,idSubject 86
idTeacher 487,Teacher 487,idSubject 87
idTeacher 488,Teacher 488,idSubject 88
idTeacher 489,Teacher 489,idSubject 89
idTeacher 490,Teacher 490,idSubject 90
idTeacher 491,Teacher 491,idSubject 91
idTeacher 492,Teacher 492,idSubject 92
idTeacher 493,Teacher 493,idSubject 93
idTeacher 494,Teacher 494,idSubject 94
idTeacher 495,Teacher 495,idSubject 95
idTeacher 496,Teacher 496,idSubject 96
idTeacher 497,Teacher 497,idSubject 97
idTeacher 498,Teacher 498,idSubject 98
idTeacher 499,Teacher 499,idSubject 99
idTeacher 500,Teacher 500,idSubject 100
idTeacher 501,Teacher 501,idSubject 101
idTeacher 502,Teacher 502,idSubject 102
idTeacher 503,Teacher 503,idSubject 103
idTeacher 504,Teacher 504,idSubject 104
idTeacher 505,Teacher 505,idSubject 105
idTeacher 506,Teacher 506,idSubject 106
idTeacher 507,Teacher 507,idSubject 107
idTeacher 508,Teacher 508,idSubject 108
idTeacher 509,Teacher 509,idSubject 109
idTeacher 510,Teacher 510,idSubject 110
idTeacher 511,Teacher 511,idSubject 111
idTeacher 512,Teacher 512,idSubject 112
idTeacher 513,Teacher 513,idSubject 113
idTeacher 514,Teacher 514,idSubject 114
idTeacher 515,Teacher 515,idSubject 115
idTeacher 516,Teacher 516,idSubject 116
idTeacher 517,Teacher 517,idSubject 117
idTeacher 518,Teacher 518,idSubject 118
idTeacher 519,Teacher 519,idSubject 119
idTeacher 520,Teacher 520,idSubject 120
idTeacher 521,Teacher 521,idSubject 121
idTeacher 522,Teacher 522,idSubject 122
idTeacher 523,Teacher 523,idSubject 123
idTeacher 524,Teacher 524,idSubject 124
idTeacher 525,Teacher 525,idSubject 125
idTeacher 526,Teacher 526,idSubject 126
idTeacher 527,Teacher 527,idSubject 127
idTeacher 528,Teacher 528,idSubject 128
idTeacher 529,Teacher 529,idSubject 129
idTeacher 530,Teacher 530,idSubject 130
idTeacher 531,Teacher 531,idSubject 131
idTeacher 532,Teacher 532,idSubject 132
idTeacher 533,Teacher 533,idSubject 133
idTeacher 534,Teacher 534,idSubject 134
idTeacher 535,Teacher 535,idSubject 135
idTeacher 536,Teacher 536,idSubject 136
idTeacher 537,Teacher 537,idSubject 137
idTeacher 538,Teacher 538,idSubject 138
idTeacher 539,Teacher 539,idSubject 139
idTeacher 540,Teacher 540,idSubject 140
idTeacher 541,Teacher 541,idSubject 141
idTeacher 542,Teacher 542,idSubject 142
idTeacher 543,Teacher 543,idSubject 143
idTeacher 544,Teacher 544,idSubject 144
idTeacher 545,Teacher 545,idSubject 145
idTeacher 546,Teacher 546,idSubject 146
idTeacher 547,Teacher 547,idSubject 147
idTeacher 548,Teacher 548,idSubject 148
idTeacher 549,Teacher 549,idSubject 149
idTeacher 550,Teacher 550,idSubject 150
idTeacher 551,Teacher 551,idSubject 151
idTeacher 552,Teacher 552,idSubject 152
idTeacher 553,Teacher 553,idSubject 153
idTeacher 554,Teacher 554,idSubject 154
idTeacher 555,Teacher 555,idSubject 155
idTeacher 556,Teacher 556,idSubject 156
idTeacher 557,Teacher 557,idSubject 157
idTeacher 558,Teacher 558,idSubject 158
idTeacher 559,Teacher 559,idSubject 159
idTeacher 560,Teacher 560,idSubject 160
idTeacher 561,Teacher 561,idSubject 161
idTeacher 562,Teacher 562,idSubject 162
idTeacher 563,Teacher 563,idSubject 163
idTeacher 564,Teacher 564,idSubject 164
idTeacher 565,Teacher 565,idSubject 165
idTeacher 566,Teacher 566,idSubject 166
idTeacher 567,Teacher 567,idSubject 167
idTeacher 568,Teacher 568,idSubject 168
idTeacher 569,Teacher 569,idSubject 169
idTeacher 570,Teacher 570,idSubject 170
idTeacher 571,Teacher 571,idSubject 171
idTeacher 572,Teacher 572,idSubject 172
idTeacher 573,Teacher 573,idSubject 173
idTeacher 574,Teacher 574,idSubject 174
idTeacher 575,Teacher 575,idSubject 175
idTeacher 576,Teacher 576,idSubject 176
idTeacher 577,Teacher 577,idSubject 177
idTeacher 578,Teacher 578,idSubject 178
idTeacher 579,Teacher 579,idSubject 179
idTeacher 580,Teacher 580,idSubject 180
idTeacher 581,Teacher 581,idSubject 181
idTeacher 582,Teacher 582,idSubject 182
idTeacher 583,Teacher 583,idSubject 183
idTeacher 584,Teacher 584,idSubject 184
idTeacher 585,Teacher 585,idSubject 185
idTeacher 586,Teacher 586,idSubject 186
idTeacher 587,Teacher 587,idSubject 187
idTeacher 588,Teacher 588,idSubject 188
idTeacher 589,Teacher 589,idSubject 189
idTeacher 590,Teacher 590,idSubject 190
idTeacher 591,Teacher 591,idSubject 191
idTeacher 592,Teacher 592,idSubject 192
idTeacher 593,Teacher 593,idSubject 193
idTeacher 594,Teacher 594,idSubject 194
idTeacher 595,Teacher 595,idSubject 195
idTeacher 596,Teacher 596,idSubject 196
idTeacher 597,Teacher 597,idSubject 197
idTeacher 598,Teacher 598,idSubject 198
idTeacher 599,Teacher 599,idSubject 199
idTeacher 600,Teacher 600,idSubject 0
idTeacher 601,Teacher 601,idSubject 1
idTeacher 602,Teacher 602,idSubject 2
idTeacher 603,Teacher 603,idSubject 3
idTeacher 604,Teacher 604,idSubject 4
idTeacher 605,Teacher 605,idSubject 5
idTeacher 606,Teacher 606,idSubject 6
idTeacher 607,Teacher 607,idSubject 7
idTeacher 608,Teacher 608,idSubject 8
idTeacher 609,Teacher 609,idSubject 9
idTeacher 610,Teacher 610,idSubject 10
idTeacher 611,Teacher 611,idSubject 11
idTeacher 612,Teacher 612,idSubject 12
idTeacher 613,Teacher 613,idSubject 13
idTeacher 614,Teacher 614,idSubject 14
idTeacher 615,Teacher 615,idSubject 15
idTeacher 616,Teacher 616,idSubject 16
idTeacher 617,Teacher 617,idSubject 17
idTeacher 618,Teacher 618,idSubject 18
idTeacher 619,Teacher 619,idSubject 19
idTeacher 620,Teacher 620,idSubject 20
idTeacher 621,Teacher 621,idSubject 21
idTeacher 622,Teacher 622,idSubject 22
idTeacher 623,Teacher 623,idSubject 23
idTeacher 624,Teacher 624,idSubject 24
idTeacher 625,Teacher 625,idSubject 25
idTeacher 626,Teacher 626,idSubject 26
idTeacher 627,Teacher 627,idSubject 27
idTeacher 628,Teacher 628,idSubject 28
idTeacher 629,Teacher 629,idSubject 29
idTeacher 630,Teacher 630,idSubject 30
idTeacher 631,Teacher 631,idSubject 31
idTeacher 632,Teacher 632,idSubject 32
idTeacher 633,Teacher 633,idSubject 33
idTeacher 634,Teacher 634,idSubject 34
idTeacher 635,Teacher 635,idSubject 35
idTeacher 636,Teacher 636,idSubject 36
idTeacher 637,Teacher 637,idSubject 37
idTeacher 638,Teacher 638,idSubject 38
idTeacher 639,Teacher 639,idSubject 39
idTeacher 640,Teacher 640,idSubject 40
idTeacher 641,Teacher 641,idSubject 41
idTeacher 642,Teacher 642,idSubject 42
idTeacher 643,Teacher 643,idSubject 43
idTeacher 644,Teacher 644,idSubject 44
idTeacher 645,Teacher 645,idSubject 45
idTeacher 646,Teacher 646,idSubject 46
idTeacher 647,Teacher 647,idSubject 47
idTeacher 648,Teacher 648,idSubject 48
idTeacher 649,Teacher 649,idSubject 49
idTeacher 650,Teacher 650,idSubject 50
idTeacher 651,Teacher 651,idSubject 51
idTeacher 652,Teacher 652,idSubject 52
idTeacher 653,Teacher 653,idSubject 53
idTeacher 654,Teacher 654,idSubject 54
idTeacher 655,Teacher 655,idSubject 55
idTeacher 656,Teacher 656,idSubject 56
idTeacher 657,Teacher 657,idSubject 57
idTeacher 658,Teacher 658,idSubject 58
idTeacher 659,Teacher 659,idSubject 59
idTeacher 660,Teacher 660,idSubject 60
idTeacher 661,Teacher 661,idSubject 61
idTeacher 662,Teacher 662,idSubject 62
idTeacher 663,Teacher 663,idSubject 63
idTeacher 664,Teacher 664,idSubject 64
idTeacher 665,Teacher 665,idSubject 65
idTeacher 666,Teacher 666,idSubject 66
idTeacher 667,Teacher 667,idSubject 67
idTeacher 668,Teacher 668,idSubject 68
idTeacher 669,Teacher 669,idSubject 69
idTeacher 670,Teacher 670,idSubject 70
idTeacher 671,Teacher 671,idSubject 71
idTeacher 672,Teacher 672,idSubject 72
idTeacher 673,Teacher 673,idSubject 73
idTeacher 674,Teacher 674,idSubject 74
idTeacher 675,Teacher 675,idSubject 75
idTeacher 676,Teacher 676,idSubject 76
idTeacher 677,Teacher 677,idSubject 77
idTeacher 678,Teacher 678,idSubject 78
idTeacher 679,Teacher 679,idSubject 79
idTeacher 680,Teacher 680,idSubject 80
idTeacher 681,Teacher 681,idSubject 81
idTeacher 682,Teacher 682,idSubject 82
idTeacher 683,Teacher 683,idSubject 83
idTeacher 684,Teacher 684,idSubject 84
idTeacher 685,Teacher 685,idSubject 85
idTeacher 686,Teacher 686,idSubject 86
idTeacher 687,Teacher 687,idSubject 87
idTeacher 688,Teacher 688,idSubject 88
idTeacher 689,Teacher 689,idSubject 89
idTeacher 690,Teacher 690,idSubject 90
idTeacher 691,Teacher 691,idSubject 91
idTeacher 692,Teacher 692,idSubject 92
idTeacher 693,Teacher 693,idSubject 93
idTeacher 694,Teacher 694,idSubject 94
idTeacher 695,Teacher 695,idSubject 95
idTeacher 696,Teacher 696,idSubject 96
idTeacher 697,Teacher 697,idSubject 97
idTeacher 698,Teacher 698,idSubject 98
idTeacher 699,Teacher 699,idSubject 99
idTeacher 700,Teacher 700,idSubject 100
idTeacher 701,Teacher 701,idSubject 101
idTeacher 702,Teacher 702,idSubject 102
idTeacher 703,Teacher 703,idSubject 103
idTeacher 704,Teacher 704,idSubject 104
idTeacher 705,Teacher 705,idSubject 105
idTeacher 706,Teacher 706,idSubject 106
idTeacher 707,Teacher 707,idSubject 107
idTeacher 708,Teacher 708,idSubject 108
idTeacher 709,Teacher 709,idSubject 109
idTeacher 710,Teacher 710,idSubject 110
idTeacher 711,Teacher 711,idSubject 111
idTeacher 712,Teacher 712,idSubject 112
idTeacher 713,Teacher 713,idSubject 113
idTeacher 714,Teacher 714,idSubject 114
idTeacher 715,Teacher 715,idSubject 115
idTeacher 716,Teacher 716,idSubject 116
idTeacher 717,Teacher 717,idSubject 117
idTeacher 718,Teacher 718,idSubject 118
idTeacher 719,Teacher 719,idSubject 119
idTeacher 720,Teacher 720,idSubject 120
idTeacher 721,Teacher 721,idSubject 121
idTeacher 722,Teacher 722,idSubject 122
idTeacher 723,Teacher 723,idSubject 123
idTeacher 724,Teacher 724,idSubject 124
idTeacher 725,Teacher 725,idSubject 125
idTeacher 726,Teacher 726,idSubject 126
idTeacher 727,Teacher 727,idSubject 127
idTeacher 728,Teacher 728,idSubject 128
idTeacher 729,Teacher 729,idSubject 129
idTeacher 730,Teacher 730,idSubject 130
idTeacher 731,Teacher 731,idSubject 131
idTeacher 732,Teacher 732,idSubject 132
idTeacher 733,Teacher 733,idSubject 133
idTeacher 734,Teacher 734,idSubject 134
idTeacher 735,Teacher 735,idSubject 135
idTeacher 736,Teacher 736,idSubject 136
idTeacher 737,Teacher 737,idSubject 137
idTeacher 738,Teacher 738,idSubject 138
idTeacher 739,Teacher 739,idSubject 139
idTeacher 740,Teacher 740,idSubject 140
idTeacher 741,Teacher 741,idSubject 141
idTeacher 742,Teacher 742,idSubject 142
idTeacher 743,Teacher 743,idSubject 143
idTeacher 744,Teacher 744,idSubject 144
idTeacher 745,Teacher 745,idSubject 145
idTeacher 746,Teacher 746,idSubject 146
idTeacher 747,Teacher 747,idSubject 147
idTeacher 748,Teacher 748,idSubject 148
idTeacher 749,Teacher 749,idSubject 149
idTeacher 750,Teacher 750,idSubject 150
idTeacher 751,Teacher 751,idSubject 151
idTeacher 752,Teacher 752,idSubject 152
idTeacher 753,Teacher 753,idSubject 153
idTeacher 754,Teacher 754,idSubject 154
idTeacher 755,Teacher 755,idSubject 155
idTeacher 756,Teacher 756,idSubject 156
idTeacher 757,Teacher 757,idSubject 157
idTeacher 758,Teacher 758,idSubject 158
idTeacher 759,Teacher 759,idSubject 159
idTeacher 760,Teacher 760,idSubject 160
idTeacher 761,Teacher 761,idSubject 161
idTeacher 762,Teacher 762,idSubject 162
idTeacher 763,Teacher 763,idSubject 163
idTeacher 764,Teacher 764,idSubject 164
idTeacher 765,Teacher 765,idSubject 165
idTeacher 766,Teacher 766,idSubject 166
idTeacher 767,Teacher 767,idSubject 167
idTeacher 768,Teacher 768,idSubject 168
idTeacher 769,Teacher 769,idSubject 169
idTeacher 770,Teacher 770,idSubject 170
idTeacher 771,Teacher 771,idSubject 171
idTeacher 772,Teacher 772,idSubject 172
idTeacher 773,Teacher 773,idSubject 173
idTeacher 774,Teacher 774,idSubject 174
idTeacher 775,Teacher 775,idSubject 175
idTeacher 776,Teacher 776,idSubject 176
idTeacher 777,Teacher 777,idSubject 177
idTeacher 778,Teacher 778,idSubject 178
idTeacher 779,Teacher 779,idSubject 179
idTeacher 780,Teacher 780,idSubject 180
idTeacher 781,Teacher 781,idSubject 181
idTeacher 782,Teacher 782,idSubject 182
idTeacher 783,Teacher 783,idSubject 183
idTeacher 784,Teacher 784,idSubject 184
idTeacher 785,Teacher 785,idSubject 185
idTeacher 786,Teacher 786,idSubject 186
idTeacher 787,Teacher 787,idSubject 187
idTeacher 788,Teacher 788,idSubject 188
idTeacher 789,Teacher 789,idSubject 189
idTeacher 790,Teacher 790,idSubject 190
idTeacher 791,Teacher 791,idSubject 191
idTeacher 792,Teacher 792,idSubject 192
idTeacher 793,Teacher 793,idSubject 193
idTeacher 794,Teacher 794,idSubject 194
idTeacher 795,Teacher 795,idSubject 195
idTeacher 796,Teacher 796,idSubject 196
idTeacher 797,Teacher 797,idSubject 197
idTeacher 798,Teacher 798,idSubject 198
idTeacher 799,Teacher 799,idSubject 199
idTeacher 800,Teacher 800,idSubject 0
idTeacher 801,Teacher 801,idSubject 1
idTeacher 802,Teacher 802,idSubject 2
idTeacher 803,Teacher 803,idSubject 3
idTeacher 804,Teacher 804,idSubject 4
idTeacher 805,Teacher 805,idSubject 5
idTeacher 806,Teacher 806,idSubject 6
idTeacher 807,Teacher 807,idSubject 7
idTeacher 808,Teacher 808,idSubject 8
idTeacher 809,Teacher 809,idSubject 9
idTeacher 810,Teacher 810,idSubject 10
idTeacher 811,Teacher 811,idSubject 11
idTeacher 812,Teacher 812,idSubject 12
idTeacher 813,Teacher 813,idSubject 13
idTeacher 814,Teacher 814,idSubject 14
idTeacher 815,Teacher 815,idSubject 15
idTeacher 816,Teacher 816,idSubject 16
idTeacher 817,Teacher 817,idSubject 17
idTeacher 818,Teacher 818,idSubject 18
idTeacher 819,Teacher 819,idSubject 19
idTeacher 820,Teacher 820,idSubject 20
idTeacher 821,Teacher 821,idSubject 21
idTeacher 822,Teacher 822,idSubject 22
idTeacher 823,Teacher 823,idSubject 23
idTeacher 824,Teacher 824,idSubject 24
idTeacher 825,Teacher 825,idSubject 25
idTeacher 826,Teacher 826,idSubject 26
idTeacher 827,Teacher 827,idSubject 27
idTeacher 828,Teacher 828,idSubject 28
idTeacher 829,Teacher 829,idSubject 29
idTeacher 830,Teacher 830,idSubject 30
idTeacher 831,Teacher 831,idSubject 31
idTeacher 832,Teacher 832,idSubject 32
idTeacher 833,Teacher 833,idSubject 33
idTeacher 834,Teacher 834,idSubject 34
idTeacher 835,Teacher 835,idSubject 35
idTeacher 836,Teacher 836,idSubject 36
idTeacher 837,Teacher 837,idSubject 37
idTeacher 838,Teacher 838,idSubject 38
idTeacher 839,Teacher 839,idSubject 39
idTeacher 840,Teacher 840,idSubject 40
idTeacher 841,Teacher 841,idSubject 41
idTeacher 842,Teacher 842,idSubject 42
idTeacher 843,Teacher 843,idSubject 43
idTeacher 844,Teacher 844,idSubject 44
idTeacher 845,Teacher 845,idSubject 45
idTeacher 846,Teacher 846,idSubject 46
idTeacher 847,Teacher 847,idSubject 47
idTeacher 848,Teacher 848,idSubject 48
idTeacher 849,Teacher 849,idSubject 49
idTeacher 850,Teacher 850,idSubject 50
idTeacher 851,Teacher 851,idSubject 51
idTeacher 852,Teacher 852,idSubject 52
idTeacher 853,Teacher 853,idSubject 53
idTeacher 854,Teacher 854,idSubject 54
idTeacher 855,Teacher 855,idSubject 55
idTeacher 856,Teacher 856,idSubject 56
idTeacher 857,Teacher 857,idSubject 57
idTeacher 858,Teacher 858,idSubject 58
idTeacher 859,Teacher 859,idSubject 59
idTeacher 860,Teacher 860,idSubject 60
idTeacher 861,Teacher 861,idSubject 61
idTeacher 862,Teacher 862,idSubject 62
idTeacher 863,Teacher 863,idSubject 63
idTeacher 864,Teacher 864,idSubject 64
idTeacher 865,Teacher 865,idSubject 65
idTeacher 866,Teacher 866,idSubject 66
idTeacher 867,Teacher 867,idSubject 67
idTeacher 868,Teacher 868,idSubject 68
idTeacher 869,Teacher 869,idSubject 69
idTeacher 870,Teacher 870,idSubject 70
idTeacher 871,Teacher 871,idSubject 71
idTeacher 872,Teacher 872,idSubject 72
idTeacher 873,Teacher 873,idSubject 73
idTeacher 874,Teacher 874,idSubject 74
idTeacher 875,Teacher 875,idSubject 75
idTeacher 876,Teacher 876,idSubject 76
idTeacher 877,Teacher 877,idSubject 77
idTeacher 878,Teacher 878,idSubject 78
idTeacher 879,Teacher 879,idSubject 79
idTeacher 880,Teacher 880,idSubject 80
idTeacher 881,Teacher 881,idSubject 81
idTeacher 882,Teacher 882,idSubject 82
idTeacher 883,Teacher 883,idSubject 83
idTeacher 884,Teacher 884,idSubject 84
idTeacher 885,Teacher 885,idSubject 85
idTeacher 886,Teacher 886,idSubject 86
idTeacher 887,Teacher 887,idSubject 87
idTeacher 888,Teacher 888,idSubject 88
idTeacher 889,Teacher 889,idSubject 89
idTeacher 890,Teacher 890,idSubject 90
idTeacher 891,Teacher 891,idSubject 91
idTeacher 892,Teacher 892,idSubject 92
idTeacher 893,Teacher 893,idSubject 93
idTeacher 894,Teacher 894,idSubject 94
idTeacher 895,Teacher 895,idSubject 95
idTeacher 896,Teacher 896,idSubject 96
idTeacher 897,Teacher 897,idSubject 97
idTeacher 898,Teacher 898,idSubject 98
idTeacher 899,Teacher 899,idSubject 99
idTeacher 900,Teacher 900,idSubject 100
idTeacher 901,Teacher 901,idSubject 101
idTeacher 902,Teacher 902,idSubject 102
idTeacher 903,Teacher 903,idSubject 103
idTeacher 904,Teacher 904,idSubject 104
idTeacher 905,Teacher 905,idSubject 105
idTeacher 906,Teacher 906,idSubject 106
idTeacher 907,Teacher 907,idSubject 107
idTeacher 908,Teacher 908,idSubject 108
idTeacher 909,Teacher 909,idSubject 109
idTeacher 910,Teacher 910,idSubject 110
idTeacher 911,Teacher 911,idSubject 111
idTeacher 912,Teacher 912,idSubject 112
idTeacher 913,Teacher 913,idSubject 113
idTeacher 914,Teacher 914,idSubject 114
idTeacher 915,Teacher 915,idSubject 115
idTeacher 916,Teacher 916,idSubject 116
idTeacher 917,Teacher 917,idSubject 117
idTeacher 918,Teacher 918,idSubject 118
idTeacher 919,Teacher 919,idSubject 119
idTeacher 920,Teacher 920,idSubject 120
idTeacher 921,Teacher 921,idSubject 121
idTeacher 922,Teacher 922,idSubject 122
idTeacher 923,Teacher 923,idSubject 123
idTeacher 924,Teacher 924,idSubject 124
idTeacher 925,Teacher 925,idSubject 125
idTeacher 926,Teacher 926,idSubject 126
idTeacher 927,Teacher 927,idSubject 127
idTeacher 928,Teacher 928,idSubject 128
idTeacher 929,Teacher 929,idSubject 129
idTeacher 930,Teacher 930,idSubject 130
idTeacher 931,Teacher 931,idSubject 131
idTeacher 932,Teacher 932,idSubject 132
idTeacher 933,Teacher 933,idSubject 133
idTeacher 934,Teacher 934,idSubject 134
idTeacher 935,Teacher 935,idSubject 135
idTeacher 936,Teacher 936,idSubject 136
idTeacher 937,Teacher 937,idSubject 137
idTeacher 938,Teacher 938,idSubject 138
idTeacher 939,Teacher 939,idSubject 139
idTeacher 940,Teacher 940,idSubject 140
idTeacher 941,Teacher 941,idSubject 141
idTeacher 942,Teacher 942,idSubject 142
idTeacher 943,Teacher 943,idSubject 143
idTeacher 944,Teacher 944,idSubject 144
idTeacher 945,Teacher 945,idSubject 145
idTeacher 946,Teacher 946,idSubject 146
idTeacher 947,Teacher 947,idSubject 147
idTeacher 948,Teacher 948,idSubject 148
idTeacher 949,Teacher 949,idSubject 149
idTeacher 950,Teacher 950,idSubject 150
idTeacher 951,Teacher 951,idSubject 151
idTeacher 952,Teacher 952,idSubject 152
idTeacher 953,Teacher 953,idSubject 153
idTeacher 954,Teacher 954,idSubject 154
idTeacher 955,Teacher 955,idSubject 155
idTeacher 956,Teacher 956,idSubject 156
idTeacher 957,Teacher 957,idSubject 157
idTeacher 958,Teacher 958,idSubject 158
idTeacher 959,Teacher 959,idSubject 159
idTeacher 960,Teacher 960,idSubject 160
idTeacher 961,Teacher 961,idSubject 161
idTeacher 962,Teacher 962,idSubject 162
idTeacher 963,Teacher 963,idSubject 163
idTeacher 964,Teacher 964,idSubject 164
idTeacher 965,Teacher 965,idSubject 165
idTeacher 966,Teacher 966,idSubject 166
idTeacher 967,Teacher 967,idSubject 167
idTeacher 968,Teacher 968,idSubject 168
idTeacher 969,Teacher 969,idSubject 169
idTeacher 970,Teacher 970,idSubject 170
idTeacher 971,Teacher 971,idSubject 171
idTeacher 972,Teacher 972,idSubject 172
idTeacher 973,Teacher 973,idSubject 173
idTeacher 974,Teacher 974,idSubject 174
idTeacher 975,Teacher 975,idSubject 175
idTeacher 976,Teacher 976,idSubject 176
idTeacher 977,Teacher 977,idSubject 177
idTeacher 978,Teacher 978,idSubject 178
idTeacher 979,Teacher 979,idSubject 179
idTeacher 980,Teacher 980,idSubject 180
idTeacher 981,Teacher 981,idSubject 181
idTeacher 982,Teacher 982,idSubject 182
idTeacher 983,Teacher 983,idSubject 183
idTeacher 984,Teacher 984,idSubject 184
idTeacher 985,Teacher 985,idSubject 185
idTeacher 986,Teacher 986,idSubject 186
idTeacher 987,Teacher 987,idSubject 187
idTeacher 988,Teacher 988,idSubject 188
idTeacher 989,Teacher 989,idSubject 189
idTeacher 990,Teacher 990,idSubject 190
idTeacher 991,Teacher 991,idSubject 191
idTeacher 992,Teacher 992,idSubject 192
idTeacher 993,Teacher 993,idSubject 193
idTeacher 994,Teacher 994,idSubject 194
idTeacher 995,Teacher 995,idSubject 195
idTeacher 996,Teacher 996,idSubject 196
idTeacher 997,Teacher 997,idSubject 197
idTeacher 998,Teacher 998,idSubject 198
idTeacher 999,Teacher 999,idSubject 199
